name,workload_name,status,reason,design,quant_bits,max_abs_error,observed_max_abs_error,yosys_cells,memory_bits,register_bits,multipliers,latency_cycles,initiation_interval_cycles,prime_count,digit_products,rtl_sha256,pareto,configuration_json
full-full-c922c0cf5396b482,full-full,screened,,"NTT streamed, L2, R2, G1, barrett, PE1",0,0,0,19008,3192708,28821,111,8067,3390,3,,07305ad70462e488d7481697535f9c02dcb533daea42c1fe2778225b23d827be,False,"{""arithmetic"": ""rns"", ""backend"": ""streamed"", ""generator"": ""ngen"", ""lanes"": 2, ""pe"": 1, ""profile"": ""baseline"", ""radix"": 2, ""reduction"": ""barrett"", ""stage_groups"": 1}"
full-full-ac0f9d50ff940ae7,full-full,screened,,"NTT streamed, L2, R2, G1, barrett, PE1, round4",4,8,8,19011,3192708,28821,111,8067,3390,3,,e6bc74f4c49f16905e4a54213c92e489571671dda963e5a3f83a0c82ec8d6974,False,"{""arithmetic"": ""rns"", ""backend"": ""streamed"", ""generator"": ""ngen"", ""lanes"": 2, ""pe"": 1, ""profile"": ""baseline"", ""radix"": 2, ""reduction"": ""barrett"", ""stage_groups"": 1}"
full-full-d97bf016d0a11234,full-full,screened,,"NTT streamed, L2, R2, G1, barrett, PE1, round8",8,128,128,19011,3192708,28821,111,8067,3390,3,,5e2b36bd167241d541b8bf70f77cfa326a6246c5e2032f4766cff9673de97f69,False,"{""arithmetic"": ""rns"", ""backend"": ""streamed"", ""generator"": ""ngen"", ""lanes"": 2, ""pe"": 1, ""profile"": ""baseline"", ""radix"": 2, ""reduction"": ""barrett"", ""stage_groups"": 1}"
full-full-d9a8a8eec4ce2a5a,full-full,certificate-rejected,numerical or structural certificate rejected,"FFT compact, L2, f24, omit0",0,,,,,,,,,,36,,False,"{""arithmetic"": ""split-radix16"", ""backend"": ""compact"", ""fractional_bits"": 24, ""generator"": ""sgen"", ""guard_bits"": 0, ""integer_bits"": 41, ""lanes"": 2, ""radix"": 2}"
full-full-0fda61335ef954d7,full-full,certificate-rejected,numerical or structural certificate rejected,"FFT compact, L2, f24, omit1",0,,,,,,,,,,35,,False,"{""arithmetic"": ""split-radix16"", ""backend"": ""compact"", ""fractional_bits"": 24, ""generator"": ""sgen"", ""guard_bits"": 0, ""integer_bits"": 41, ""lanes"": 2, ""omit_low_diagonals"": 1, ""radix"": 2}"
full-full-3999b1a3ca657dd5,full-full,certificate-rejected,numerical or structural certificate rejected,"FFT compact, L2, f24, omit2",0,,,,,,,,,,33,,False,"{""arithmetic"": ""split-radix16"", ""backend"": ""compact"", ""fractional_bits"": 24, ""generator"": ""sgen"", ""guard_bits"": 0, ""integer_bits"": 41, ""lanes"": 2, ""omit_low_diagonals"": 2, ""radix"": 2}"
full-full-624e4f61cf62129a,full-full,certificate-rejected,numerical or structural certificate rejected,"FFT compact, L2, f28, omit0",0,,,,,,,,,,36,,False,"{""arithmetic"": ""split-radix16"", ""backend"": ""compact"", ""fractional_bits"": 28, ""generator"": ""sgen"", ""guard_bits"": 0, ""integer_bits"": 41, ""lanes"": 2, ""radix"": 2}"
full-full-d016e4780198c427,full-full,certificate-rejected,numerical or structural certificate rejected,"FFT compact, L2, f28, omit1",0,,,,,,,,,,35,,False,"{""arithmetic"": ""split-radix16"", ""backend"": ""compact"", ""fractional_bits"": 28, ""generator"": ""sgen"", ""guard_bits"": 0, ""integer_bits"": 41, ""lanes"": 2, ""omit_low_diagonals"": 1, ""radix"": 2}"
full-full-180645cbb603bf9d,full-full,certificate-rejected,numerical or structural certificate rejected,"FFT compact, L2, f28, omit2",0,,,,,,,,,,33,,False,"{""arithmetic"": ""split-radix16"", ""backend"": ""compact"", ""fractional_bits"": 28, ""generator"": ""sgen"", ""guard_bits"": 0, ""integer_bits"": 41, ""lanes"": 2, ""omit_low_diagonals"": 2, ""radix"": 2}"
full-full-c201fec18da09548,full-full,certificate-rejected,numerical or structural certificate rejected,"FFT compact, L2, f29, omit0",0,,,,,,,,,,36,,False,"{""arithmetic"": ""split-radix16"", ""backend"": ""compact"", ""fractional_bits"": 29, ""generator"": ""sgen"", ""guard_bits"": 0, ""integer_bits"": 41, ""lanes"": 2, ""radix"": 2}"
full-full-7776d05fd2c2891b,full-full,certificate-rejected,numerical or structural certificate rejected,"FFT compact, L2, f29, omit1",0,,,,,,,,,,35,,False,"{""arithmetic"": ""split-radix16"", ""backend"": ""compact"", ""fractional_bits"": 29, ""generator"": ""sgen"", ""guard_bits"": 0, ""integer_bits"": 41, ""lanes"": 2, ""omit_low_diagonals"": 1, ""radix"": 2}"
full-full-041ca4a6dc164381,full-full,certificate-rejected,numerical or structural certificate rejected,"FFT compact, L2, f29, omit2",0,,,,,,,,,,33,,False,"{""arithmetic"": ""split-radix16"", ""backend"": ""compact"", ""fractional_bits"": 29, ""generator"": ""sgen"", ""guard_bits"": 0, ""integer_bits"": 41, ""lanes"": 2, ""omit_low_diagonals"": 2, ""radix"": 2}"
full-full-38058e160e6b49c5,full-full,screened,,"FFT compact, L2, f30, omit0",0,0,0,48381,2985072,294923,74,511711,505844,,36,1add37c7e7b809dab9a7ffba4d8de000a3b7f702d453fb0847977dfc0ef9852a,True,"{""arithmetic"": ""split-radix16"", ""backend"": ""compact"", ""fractional_bits"": 30, ""generator"": ""sgen"", ""guard_bits"": 0, ""integer_bits"": 41, ""lanes"": 2, ""radix"": 2}"
full-full-5d98ad97006c37bc,full-full,screened,,"FFT compact, L2, f30, omit1",0,115200,115200,48381,2985072,294923,74,497674,491807,,35,c0c6bfa764b3fa381f2c49d65223071161390949aa42782159eb700f26c2305b,True,"{""arithmetic"": ""split-radix16"", ""backend"": ""compact"", ""fractional_bits"": 30, ""generator"": ""sgen"", ""guard_bits"": 0, ""integer_bits"": 41, ""lanes"": 2, ""omit_low_diagonals"": 1, ""radix"": 2}"
full-full-1501cb288a963e43,full-full,screened,,"FFT compact, L2, f30, omit2",0,3801600,3801600,48381,2985072,294923,74,469600,463733,,33,78bb51f6f3a2192a40552a1641bac02327a1d83a4caf86864b1cc0c5b602a241,True,"{""arithmetic"": ""split-radix16"", ""backend"": ""compact"", ""fractional_bits"": 30, ""generator"": ""sgen"", ""guard_bits"": 0, ""integer_bits"": 41, ""lanes"": 2, ""omit_low_diagonals"": 2, ""radix"": 2}"
full-full-453cabecf315a50d,full-full,timeout,timing,"FFT compact, L2, f32, omit0",0,0,0,,,,,,,,36,613beac9cf38aa4ee50a6ef86686d990c045b9dcc74b3e1065ccc33565eba2be,False,"{""arithmetic"": ""split-radix16"", ""backend"": ""compact"", ""fractional_bits"": 32, ""generator"": ""sgen"", ""guard_bits"": 0, ""integer_bits"": 41, ""lanes"": 2, ""radix"": 2}"
full-full-a627b711e5c23711,full-full,screened,,"FFT compact, L2, f32, omit1",0,115200,115200,48381,3066992,295961,74,497674,491807,,35,1bbad34a08b4f7a9c66b69b5ca935f18cdfa7d8926708312b2f2b6061a48bee3,False,"{""arithmetic"": ""split-radix16"", ""backend"": ""compact"", ""fractional_bits"": 32, ""generator"": ""sgen"", ""guard_bits"": 0, ""integer_bits"": 41, ""lanes"": 2, ""omit_low_diagonals"": 1, ""radix"": 2}"
full-full-7650c87d1ccf8481,full-full,screened,,"FFT compact, L2, f32, omit2",0,3801600,3801600,48381,3066992,295961,74,469600,463733,,33,7e46741b663dc681dcb32953e2cb8bf25aa5b91fc3304a6f63cd678066ba0a84,False,"{""arithmetic"": ""split-radix16"", ""backend"": ""compact"", ""fractional_bits"": 32, ""generator"": ""sgen"", ""guard_bits"": 0, ""integer_bits"": 41, ""lanes"": 2, ""omit_low_diagonals"": 2, ""radix"": 2}"
full-full-575884a1550b6935,full-full,timeout,timing,"FFT compact, L2, f40, omit0",0,0,0,,,,,,,,36,7d292ba24db73bb47a569ed4e8a67f3d0ecce391a9b7fa4cf00064a7b69e9e09,False,"{""arithmetic"": ""split-radix16"", ""backend"": ""compact"", ""fractional_bits"": 40, ""generator"": ""sgen"", ""guard_bits"": 0, ""integer_bits"": 41, ""lanes"": 2, ""radix"": 2}"
full-full-e6113ab8b331df21,full-full,screened,,"FFT compact, L2, f40, omit1",0,115200,115200,48381,3394672,300113,74,497674,491807,,35,4288e8d9d5ae4e3549322918d58072e83b3932a841997b142f1a52657755b1f0,False,"{""arithmetic"": ""split-radix16"", ""backend"": ""compact"", ""fractional_bits"": 40, ""generator"": ""sgen"", ""guard_bits"": 0, ""integer_bits"": 41, ""lanes"": 2, ""omit_low_diagonals"": 1, ""radix"": 2}"
full-full-709fd75d4be51d07,full-full,screened,,"FFT compact, L2, f40, omit2",0,3801600,3801600,48381,3394672,300113,74,469600,463733,,33,e9627c30c332d4e5650db9f738b36d851ddde1206abaca01c491846f254d7339,False,"{""arithmetic"": ""split-radix16"", ""backend"": ""compact"", ""fractional_bits"": 40, ""generator"": ""sgen"", ""guard_bits"": 0, ""integer_bits"": 41, ""lanes"": 2, ""omit_low_diagonals"": 2, ""radix"": 2}"
full-full-4083868fa9b8529d,full-full,timeout,timing,"FFT compact, L2, f48, omit0",0,0,0,,,,,,,,36,8307282ad16aaced126eb3e244a80e035ad577f16755534e78109f0429e58635,False,"{""arithmetic"": ""split-radix16"", ""backend"": ""compact"", ""fractional_bits"": 48, ""generator"": ""sgen"", ""guard_bits"": 0, ""integer_bits"": 41, ""lanes"": 2, ""radix"": 2}"
full-full-66efdd188d67b8c4,full-full,screened,,"FFT compact, L2, f48, omit1",0,115200,115200,48381,3722352,304265,74,497674,491807,,35,e861a7f7c894f91a453179c5c53ed90c72da31deae5072461a6efac306a1b977,False,"{""arithmetic"": ""split-radix16"", ""backend"": ""compact"", ""fractional_bits"": 48, ""generator"": ""sgen"", ""guard_bits"": 0, ""integer_bits"": 41, ""lanes"": 2, ""omit_low_diagonals"": 1, ""radix"": 2}"
full-full-0c7bcb6596c2824a,full-full,screened,,"FFT compact, L2, f48, omit2",0,3801600,3801600,48381,3722352,304265,74,469600,463733,,33,5320095b8c4ea0b9b9a1f5497bfba71da9c0101688c66c7d5c50cd4713deb133,False,"{""arithmetic"": ""split-radix16"", ""backend"": ""compact"", ""fractional_bits"": 48, ""generator"": ""sgen"", ""guard_bits"": 0, ""integer_bits"": 41, ""lanes"": 2, ""omit_low_diagonals"": 2, ""radix"": 2}"
full-full-7d341428d027f899,full-full,screened,,"NTT streamed, L2, R2, G1, montgomery, PE1",0,0,0,19305,3192708,34932,111,8147,3430,3,,11f4a1a3a0654cb64f1b33e3d2671a98cae61b7401b2f42c413f297fbd4f312a,False,"{""arithmetic"": ""rns"", ""backend"": ""streamed"", ""generator"": ""ngen"", ""lanes"": 2, ""pe"": 1, ""profile"": ""baseline"", ""radix"": 2, ""reduction"": ""montgomery"", ""stage_groups"": 1}"
full-full-82a27f661fe63183,full-full,screened,,"NTT streamed, L2, R2, G1, shoup, PE1",0,0,0,18963,3192708,28128,111,8067,3390,3,,a1b24d2600ffd96487cf0cdb4f1379e088e467e107930d7a0bf76e059f19c5cf,True,"{""arithmetic"": ""rns"", ""backend"": ""streamed"", ""generator"": ""ngen"", ""lanes"": 2, ""pe"": 1, ""profile"": ""baseline"", ""radix"": 2, ""reduction"": ""shoup"", ""stage_groups"": 1}"
full-full-26f5319bbec9d414,full-full,screened,,"NTT streamed, L2, R2, G2, barrett, PE1",0,0,0,34578,3429252,48858,138,9097,2080,3,,71626796f9e2297e00b46134b5e4ace794eeb33d60da168d4bd984556acd7b6a,False,"{""arithmetic"": ""rns"", ""backend"": ""streamed"", ""generator"": ""ngen"", ""lanes"": 2, ""pe"": 1, ""profile"": ""baseline"", ""radix"": 2, ""reduction"": ""barrett"", ""stage_groups"": 2}"
full-full-83980623b97f8f2b,full-full,screened,,"NTT streamed, L2, R2, G2, montgomery, PE1",0,0,0,35172,3429252,61080,138,9177,2100,3,,e1f6e0a590f5caff5447ec74fb2111ab8c594fef08e741354eacf750579e79ea,False,"{""arithmetic"": ""rns"", ""backend"": ""streamed"", ""generator"": ""ngen"", ""lanes"": 2, ""pe"": 1, ""profile"": ""baseline"", ""radix"": 2, ""reduction"": ""montgomery"", ""stage_groups"": 2}"
full-full-415cb4acee31f79c,full-full,screened,,"NTT streamed, L2, R2, G2, shoup, PE1",0,0,0,34488,3429252,47472,138,9097,2080,3,,6ecdc9d4008882617d9f82709cde6b7c0e94a3ea0dc8263cf9546f949acfd41d,True,"{""arithmetic"": ""rns"", ""backend"": ""streamed"", ""generator"": ""ngen"", ""lanes"": 2, ""pe"": 1, ""profile"": ""baseline"", ""radix"": 2, ""reduction"": ""shoup"", ""stage_groups"": 2}"
full-full-fb361a52953ea378-unsupported-5435c407,full-full,unsupported,existing backend legality rules reject this combination,"NTT streamed, L2, R4, G1, barrett, PE1",0,,,,,,,,,,,,False,"{""arithmetic"": ""rns"", ""backend"": ""streamed"", ""generator"": ""ngen"", ""lanes"": 2, ""pe"": 1, ""profile"": ""baseline"", ""radix"": 4, ""reduction"": ""barrett"", ""stage_groups"": 1}"
full-full-e8ab45f959294995-unsupported-3b5d38b8,full-full,unsupported,existing backend legality rules reject this combination,"NTT streamed, L2, R4, G1, montgomery, PE1",0,,,,,,,,,,,,False,"{""arithmetic"": ""rns"", ""backend"": ""streamed"", ""generator"": ""ngen"", ""lanes"": 2, ""pe"": 1, ""profile"": ""baseline"", ""radix"": 4, ""reduction"": ""montgomery"", ""stage_groups"": 1}"
full-full-d7f92349d9008401-unsupported-0a4b9dfa,full-full,unsupported,existing backend legality rules reject this combination,"NTT streamed, L2, R4, G1, shoup, PE1",0,,,,,,,,,,,,False,"{""arithmetic"": ""rns"", ""backend"": ""streamed"", ""generator"": ""ngen"", ""lanes"": 2, ""pe"": 1, ""profile"": ""baseline"", ""radix"": 4, ""reduction"": ""shoup"", ""stage_groups"": 1}"
full-full-b2d0adb179526a81-unsupported-f56e0453,full-full,unsupported,existing backend legality rules reject this combination,"NTT streamed, L2, R4, G2, barrett, PE1",0,,,,,,,,,,,,False,"{""arithmetic"": ""rns"", ""backend"": ""streamed"", ""generator"": ""ngen"", ""lanes"": 2, ""pe"": 1, ""profile"": ""baseline"", ""radix"": 4, ""reduction"": ""barrett"", ""stage_groups"": 2}"
full-full-022fa16674e7a26f-unsupported-abf57e3d,full-full,unsupported,existing backend legality rules reject this combination,"NTT streamed, L2, R4, G2, montgomery, PE1",0,,,,,,,,,,,,False,"{""arithmetic"": ""rns"", ""backend"": ""streamed"", ""generator"": ""ngen"", ""lanes"": 2, ""pe"": 1, ""profile"": ""baseline"", ""radix"": 4, ""reduction"": ""montgomery"", ""stage_groups"": 2}"
full-full-49cd933fca098b70-unsupported-6ce4f6fb,full-full,unsupported,existing backend legality rules reject this combination,"NTT streamed, L2, R4, G2, shoup, PE1",0,,,,,,,,,,,,False,"{""arithmetic"": ""rns"", ""backend"": ""streamed"", ""generator"": ""ngen"", ""lanes"": 2, ""pe"": 1, ""profile"": ""baseline"", ""radix"": 4, ""reduction"": ""shoup"", ""stage_groups"": 2}"
full-full-9cd96bd08fce80b9,full-full,screened,,"NTT streamed, L2, R8, G1, barrett, PE1",0,0,0,197640,6772464,73548,651,7686,4219,3,,e3c88499c63c5feabe24f3342954ed3b631223bb61f42b0d11ccf5db58e8faab,False,"{""arithmetic"": ""rns"", ""backend"": ""streamed"", ""generator"": ""ngen"", ""lanes"": 2, ""pe"": 1, ""profile"": ""baseline"", ""radix"": 8, ""reduction"": ""barrett"", ""stage_groups"": 1}"
full-full-16aed421de9de349,full-full,screened,,"NTT streamed, L2, R8, G1, montgomery, PE1",0,0,0,196506,6772464,72633,651,7686,4219,3,,4ff9e19060dbb9c1e94a27fcc74c2a160a2989833ec0d457ef01ec1e807434ce,False,"{""arithmetic"": ""rns"", ""backend"": ""streamed"", ""generator"": ""ngen"", ""lanes"": 2, ""pe"": 1, ""profile"": ""baseline"", ""radix"": 8, ""reduction"": ""montgomery"", ""stage_groups"": 1}"
full-full-294f3dccbf3c9d7b,full-full,screened,,"NTT streamed, L2, R8, G1, shoup, PE1",0,0,0,196506,6772464,72624,651,7686,4219,3,,9618803faf4a3065bd9bf1e3f385eabccb0b8a865a35fec5586620e2ef54e38b,False,"{""arithmetic"": ""rns"", ""backend"": ""streamed"", ""generator"": ""ngen"", ""lanes"": 2, ""pe"": 1, ""profile"": ""baseline"", ""radix"": 8, ""reduction"": ""shoup"", ""stage_groups"": 1}"
full-full-ed624a06bf76bd7f-unsupported-27688b14,full-full,unsupported,existing backend legality rules reject this combination,"NTT streamed, L2, R8, G2, barrett, PE1",0,,,,,,,,,,,,False,"{""arithmetic"": ""rns"", ""backend"": ""streamed"", ""generator"": ""ngen"", ""lanes"": 2, ""pe"": 1, ""profile"": ""baseline"", ""radix"": 8, ""reduction"": ""barrett"", ""stage_groups"": 2}"
full-full-175ec04d54ea332e-unsupported-398c96c3,full-full,unsupported,existing backend legality rules reject this combination,"NTT streamed, L2, R8, G2, montgomery, PE1",0,,,,,,,,,,,,False,"{""arithmetic"": ""rns"", ""backend"": ""streamed"", ""generator"": ""ngen"", ""lanes"": 2, ""pe"": 1, ""profile"": ""baseline"", ""radix"": 8, ""reduction"": ""montgomery"", ""stage_groups"": 2}"
full-full-879c0ec761c95146-unsupported-07287616,full-full,unsupported,existing backend legality rules reject this combination,"NTT streamed, L2, R8, G2, shoup, PE1",0,,,,,,,,,,,,False,"{""arithmetic"": ""rns"", ""backend"": ""streamed"", ""generator"": ""ngen"", ""lanes"": 2, ""pe"": 1, ""profile"": ""baseline"", ""radix"": 8, ""reduction"": ""shoup"", ""stage_groups"": 2}"
full-full-6c50a23bcd48a30c,full-full,screened,,"NTT streamed, L2, R2, G1, barrett, PE2",0,0,0,44892,3193344,46623,138,5252,1983,3,,be3a7a91385c4b417a8c46adc9b5b1f76a9aa0ceffc3fd87bf80aa7f8f82f989,False,"{""arithmetic"": ""rns"", ""backend"": ""streamed"", ""generator"": ""ngen"", ""lanes"": 2, ""pe"": 2, ""profile"": ""baseline"", ""radix"": 2, ""reduction"": ""barrett"", ""stage_groups"": 1}"
full-full-7115d44f91dc35e7,full-full,screened,,"NTT streamed, L2, R2, G1, montgomery, PE2",0,0,0,45486,3193344,58845,138,5332,2023,3,,6f4bb5a46969a6d90afdaae37e2c373a6070bcfaedb263b00a2609fb0f581bc1,False,"{""arithmetic"": ""rns"", ""backend"": ""streamed"", ""generator"": ""ngen"", ""lanes"": 2, ""pe"": 2, ""profile"": ""baseline"", ""radix"": 2, ""reduction"": ""montgomery"", ""stage_groups"": 1}"
full-full-75838e085b5be33e,full-full,screened,,"NTT streamed, L2, R2, G1, shoup, PE2",0,0,0,44802,3193344,45237,138,5252,1983,3,,424411af7df5abbd1847e8db6f5bf19d782d457db6ce7eecc12f13e13a15f9c8,True,"{""arithmetic"": ""rns"", ""backend"": ""streamed"", ""generator"": ""ngen"", ""lanes"": 2, ""pe"": 2, ""profile"": ""baseline"", ""radix"": 2, ""reduction"": ""shoup"", ""stage_groups"": 1}"
full-full-257e253795d9112b,full-full,screened,,"NTT streamed, L2, R2, G2, barrett, PE2",0,0,0,96066,3429888,76572,192,6262,1308,3,,547134d7618b44318b5fca368fa684076eb2c66adfb74bb73333eed726251273,False,"{""arithmetic"": ""rns"", ""backend"": ""streamed"", ""generator"": ""ngen"", ""lanes"": 2, ""pe"": 2, ""profile"": ""baseline"", ""radix"": 2, ""reduction"": ""barrett"", ""stage_groups"": 2}"
full-full-57634472088f369a,full-full,screened,,"NTT streamed, L2, R2, G2, montgomery, PE2",0,0,0,97254,3429888,101016,192,6342,1328,3,,eebe3fb0d3cb8c434a47a909b4c1e15d1a88489e60614043407de5c17d979b18,False,"{""arithmetic"": ""rns"", ""backend"": ""streamed"", ""generator"": ""ngen"", ""lanes"": 2, ""pe"": 2, ""profile"": ""baseline"", ""radix"": 2, ""reduction"": ""montgomery"", ""stage_groups"": 2}"
full-full-0eb5909f852501c3,full-full,screened,,"NTT streamed, L2, R2, G2, shoup, PE2",0,0,0,95886,3429888,73800,192,6262,1308,3,,c24b66bdcfe03138eaa184d62ec908e8d2437630ee11143bb1ff70245bd4c547,True,"{""arithmetic"": ""rns"", ""backend"": ""streamed"", ""generator"": ""ngen"", ""lanes"": 2, ""pe"": 2, ""profile"": ""baseline"", ""radix"": 2, ""reduction"": ""shoup"", ""stage_groups"": 2}"
full-full-54e1e9da96274f3d-unsupported-b5cf0a8f,full-full,unsupported,existing backend legality rules reject this combination,"NTT streamed, L2, R4, G1, barrett, PE2",0,,,,,,,,,,,,False,"{""arithmetic"": ""rns"", ""backend"": ""streamed"", ""generator"": ""ngen"", ""lanes"": 2, ""pe"": 2, ""profile"": ""baseline"", ""radix"": 4, ""reduction"": ""barrett"", ""stage_groups"": 1}"
full-full-38c39d8725a87e71-unsupported-224b62c7,full-full,unsupported,existing backend legality rules reject this combination,"NTT streamed, L2, R4, G1, montgomery, PE2",0,,,,,,,,,,,,False,"{""arithmetic"": ""rns"", ""backend"": ""streamed"", ""generator"": ""ngen"", ""lanes"": 2, ""pe"": 2, ""profile"": ""baseline"", ""radix"": 4, ""reduction"": ""montgomery"", ""stage_groups"": 1}"
full-full-462f11baa9cbeecc-unsupported-ca4d42c8,full-full,unsupported,existing backend legality rules reject this combination,"NTT streamed, L2, R4, G1, shoup, PE2",0,,,,,,,,,,,,False,"{""arithmetic"": ""rns"", ""backend"": ""streamed"", ""generator"": ""ngen"", ""lanes"": 2, ""pe"": 2, ""profile"": ""baseline"", ""radix"": 4, ""reduction"": ""shoup"", ""stage_groups"": 1}"
full-full-6e873756b0913739-unsupported-35587d3c,full-full,unsupported,existing backend legality rules reject this combination,"NTT streamed, L2, R4, G2, barrett, PE2",0,,,,,,,,,,,,False,"{""arithmetic"": ""rns"", ""backend"": ""streamed"", ""generator"": ""ngen"", ""lanes"": 2, ""pe"": 2, ""profile"": ""baseline"", ""radix"": 4, ""reduction"": ""barrett"", ""stage_groups"": 2}"
full-full-41a8ec0435062ffc-unsupported-63deaedd,full-full,unsupported,existing backend legality rules reject this combination,"NTT streamed, L2, R4, G2, montgomery, PE2",0,,,,,,,,,,,,False,"{""arithmetic"": ""rns"", ""backend"": ""streamed"", ""generator"": ""ngen"", ""lanes"": 2, ""pe"": 2, ""profile"": ""baseline"", ""radix"": 4, ""reduction"": ""montgomery"", ""stage_groups"": 2}"
full-full-298da27486435088-unsupported-426e3f94,full-full,unsupported,existing backend legality rules reject this combination,"NTT streamed, L2, R4, G2, shoup, PE2",0,,,,,,,,,,,,False,"{""arithmetic"": ""rns"", ""backend"": ""streamed"", ""generator"": ""ngen"", ""lanes"": 2, ""pe"": 2, ""profile"": ""baseline"", ""radix"": 4, ""reduction"": ""shoup"", ""stage_groups"": 2}"
full-full-d7c2788952aeaf85,full-full,screened,,"NTT streamed, L2, R8, G1, barrett, PE2",0,0,0,868635,6779904,136266,1218,5004,2113,3,,c793e28cd9bf1f9903ddecf3887ffd98f0230fa7e0741865afcf2e6f70db75d8,False,"{""arithmetic"": ""rns"", ""backend"": ""streamed"", ""generator"": ""ngen"", ""lanes"": 2, ""pe"": 2, ""profile"": ""baseline"", ""radix"": 8, ""reduction"": ""barrett"", ""stage_groups"": 1}"
full-full-f10ec109fba04f7f,full-full,screened,,"NTT streamed, L2, R8, G1, montgomery, PE2",0,0,0,866367,6779904,134436,1218,5004,2113,3,,93a3b4b0f5cc493fb8e7cef44c643b61456942db2e23cabc4d2a3874f9737669,False,"{""arithmetic"": ""rns"", ""backend"": ""streamed"", ""generator"": ""ngen"", ""lanes"": 2, ""pe"": 2, ""profile"": ""baseline"", ""radix"": 8, ""reduction"": ""montgomery"", ""stage_groups"": 1}"
full-full-cfc09a74cb1b0149,full-full,screened,,"NTT streamed, L2, R8, G1, shoup, PE2",0,0,0,866367,6779904,134418,1218,5004,2113,3,,d72627b41eaf5ace93252b35ff3e541f55d849360f3088f7cb0e4352c534074b,False,"{""arithmetic"": ""rns"", ""backend"": ""streamed"", ""generator"": ""ngen"", ""lanes"": 2, ""pe"": 2, ""profile"": ""baseline"", ""radix"": 8, ""reduction"": ""shoup"", ""stage_groups"": 1}"
full-full-9bc9775eed82b6bd-unsupported-5c4939c5,full-full,unsupported,existing backend legality rules reject this combination,"NTT streamed, L2, R8, G2, barrett, PE2",0,,,,,,,,,,,,False,"{""arithmetic"": ""rns"", ""backend"": ""streamed"", ""generator"": ""ngen"", ""lanes"": 2, ""pe"": 2, ""profile"": ""baseline"", ""radix"": 8, ""reduction"": ""barrett"", ""stage_groups"": 2}"
full-full-c6eade04b74ae567-unsupported-92cee566,full-full,unsupported,existing backend legality rules reject this combination,"NTT streamed, L2, R8, G2, montgomery, PE2",0,,,,,,,,,,,,False,"{""arithmetic"": ""rns"", ""backend"": ""streamed"", ""generator"": ""ngen"", ""lanes"": 2, ""pe"": 2, ""profile"": ""baseline"", ""radix"": 8, ""reduction"": ""montgomery"", ""stage_groups"": 2}"
full-full-013bf41f6b0879be-unsupported-1be63c13,full-full,unsupported,existing backend legality rules reject this combination,"NTT streamed, L2, R8, G2, shoup, PE2",0,,,,,,,,,,,,False,"{""arithmetic"": ""rns"", ""backend"": ""streamed"", ""generator"": ""ngen"", ""lanes"": 2, ""pe"": 2, ""profile"": ""baseline"", ""radix"": 8, ""reduction"": ""shoup"", ""stage_groups"": 2}"
full-full-3c016a9a2eac35b9,full-full,screened,,"NTT streamed, L4, R2, G1, barrett, PE1",0,0,0,53550,3192708,34302,255,7299,3134,3,,ae07426f7e0f7e740dcb931884a960b1cc47dad0f14cd9c9ef186d4e9a4d7deb,False,"{""arithmetic"": ""rns"", ""backend"": ""streamed"", ""generator"": ""ngen"", ""lanes"": 4, ""pe"": 1, ""profile"": ""baseline"", ""radix"": 2, ""reduction"": ""barrett"", ""stage_groups"": 1}"
full-full-c59b495d1af194b4,full-full,screened,,"NTT streamed, L4, R2, G1, montgomery, PE1",0,0,0,53847,3192708,40413,255,7379,3174,3,,aeb7bd695da836b1224e7ad0e348ab9a93bee561837a4aa3a9f6b036d5274673,False,"{""arithmetic"": ""rns"", ""backend"": ""streamed"", ""generator"": ""ngen"", ""lanes"": 4, ""pe"": 1, ""profile"": ""baseline"", ""radix"": 2, ""reduction"": ""montgomery"", ""stage_groups"": 1}"
full-full-98646a6a236a4294,full-full,screened,,"NTT streamed, L4, R2, G1, shoup, PE1",0,0,0,53505,3192708,33609,255,7299,3134,3,,b9198756f1bafb411d52528067c563ee772fe2a10c3fcd311521b3179a7f1a93,True,"{""arithmetic"": ""rns"", ""backend"": ""streamed"", ""generator"": ""ngen"", ""lanes"": 4, ""pe"": 1, ""profile"": ""baseline"", ""radix"": 2, ""reduction"": ""shoup"", ""stage_groups"": 1}"
full-full-65e4587a8a13a1da,full-full,screened,,"NTT streamed, L4, R2, G2, barrett, PE1",0,0,0,103401,3429252,58041,282,7817,1824,3,,e6c162241e4fbcffe7abfb1bc03212a30fb0d20cce3640f68b633b6f4adb9c10,False,"{""arithmetic"": ""rns"", ""backend"": ""streamed"", ""generator"": ""ngen"", ""lanes"": 4, ""pe"": 1, ""profile"": ""baseline"", ""radix"": 2, ""reduction"": ""barrett"", ""stage_groups"": 2}"
full-full-1eaabfe242d7afd7,full-full,screened,,"NTT streamed, L4, R2, G2, montgomery, PE1",0,0,0,103995,3429252,70263,282,7897,1844,3,,831f586ae964ea6cfb470f226281281c50b200e28f0d465c3f962d52f71f7ba4,False,"{""arithmetic"": ""rns"", ""backend"": ""streamed"", ""generator"": ""ngen"", ""lanes"": 4, ""pe"": 1, ""profile"": ""baseline"", ""radix"": 2, ""reduction"": ""montgomery"", ""stage_groups"": 2}"
full-full-1d2473aee6ce1fa6,full-full,screened,,"NTT streamed, L4, R2, G2, shoup, PE1",0,0,0,103311,3429252,56655,282,7817,1824,3,,3b38fa557d8f460861a094ac853b69cab5b39bcd011f1de742b44f2eb66fa705,False,"{""arithmetic"": ""rns"", ""backend"": ""streamed"", ""generator"": ""ngen"", ""lanes"": 4, ""pe"": 1, ""profile"": ""baseline"", ""radix"": 2, ""reduction"": ""shoup"", ""stage_groups"": 2}"
full-full-3e13b9b1b899e3ce-unsupported-7c694305,full-full,unsupported,existing backend legality rules reject this combination,"NTT streamed, L4, R4, G1, barrett, PE1",0,,,,,,,,,,,,False,"{""arithmetic"": ""rns"", ""backend"": ""streamed"", ""generator"": ""ngen"", ""lanes"": 4, ""pe"": 1, ""profile"": ""baseline"", ""radix"": 4, ""reduction"": ""barrett"", ""stage_groups"": 1}"
full-full-b880b5dd248010ce-unsupported-fcf43597,full-full,unsupported,existing backend legality rules reject this combination,"NTT streamed, L4, R4, G1, montgomery, PE1",0,,,,,,,,,,,,False,"{""arithmetic"": ""rns"", ""backend"": ""streamed"", ""generator"": ""ngen"", ""lanes"": 4, ""pe"": 1, ""profile"": ""baseline"", ""radix"": 4, ""reduction"": ""montgomery"", ""stage_groups"": 1}"
full-full-c685092fc4ca268c-unsupported-e598d758,full-full,unsupported,existing backend legality rules reject this combination,"NTT streamed, L4, R4, G1, shoup, PE1",0,,,,,,,,,,,,False,"{""arithmetic"": ""rns"", ""backend"": ""streamed"", ""generator"": ""ngen"", ""lanes"": 4, ""pe"": 1, ""profile"": ""baseline"", ""radix"": 4, ""reduction"": ""shoup"", ""stage_groups"": 1}"
full-full-6a2f1d6c311df721-unsupported-a29942e7,full-full,unsupported,existing backend legality rules reject this combination,"NTT streamed, L4, R4, G2, barrett, PE1",0,,,,,,,,,,,,False,"{""arithmetic"": ""rns"", ""backend"": ""streamed"", ""generator"": ""ngen"", ""lanes"": 4, ""pe"": 1, ""profile"": ""baseline"", ""radix"": 4, ""reduction"": ""barrett"", ""stage_groups"": 2}"
full-full-976f71799a3e6db5-unsupported-d255d3c4,full-full,unsupported,existing backend legality rules reject this combination,"NTT streamed, L4, R4, G2, montgomery, PE1",0,,,,,,,,,,,,False,"{""arithmetic"": ""rns"", ""backend"": ""streamed"", ""generator"": ""ngen"", ""lanes"": 4, ""pe"": 1, ""profile"": ""baseline"", ""radix"": 4, ""reduction"": ""montgomery"", ""stage_groups"": 2}"
full-full-f314d4e056d14308-unsupported-77e3343c,full-full,unsupported,existing backend legality rules reject this combination,"NTT streamed, L4, R4, G2, shoup, PE1",0,,,,,,,,,,,,False,"{""arithmetic"": ""rns"", ""backend"": ""streamed"", ""generator"": ""ngen"", ""lanes"": 4, ""pe"": 1, ""profile"": ""baseline"", ""radix"": 4, ""reduction"": ""shoup"", ""stage_groups"": 2}"
full-full-39f757d705441410,full-full,screened,,"NTT streamed, L4, R8, G1, barrett, PE1",0,0,0,239139,6772464,75789,795,6918,4219,3,,7e888b32ec2ba3611facc4fa171ccc1420705172d6489c225b83c435f5692224,False,"{""arithmetic"": ""rns"", ""backend"": ""streamed"", ""generator"": ""ngen"", ""lanes"": 4, ""pe"": 1, ""profile"": ""baseline"", ""radix"": 8, ""reduction"": ""barrett"", ""stage_groups"": 1}"
full-full-e6a9811956691bb2,full-full,screened,,"NTT streamed, L4, R8, G1, montgomery, PE1",0,0,0,238005,6772464,74874,795,6918,4219,3,,ed78ebba6d328a10c9170b2632094a5d914bd6f199b402292a541a831746313d,False,"{""arithmetic"": ""rns"", ""backend"": ""streamed"", ""generator"": ""ngen"", ""lanes"": 4, ""pe"": 1, ""profile"": ""baseline"", ""radix"": 8, ""reduction"": ""montgomery"", ""stage_groups"": 1}"
full-full-0252a7a43262f4ba,full-full,screened,,"NTT streamed, L4, R8, G1, shoup, PE1",0,0,0,238005,6772464,74865,795,6918,4219,3,,f9a009071de3d6a38d027b5de3c430807760d0d087ebb73b4ae039996a26927c,False,"{""arithmetic"": ""rns"", ""backend"": ""streamed"", ""generator"": ""ngen"", ""lanes"": 4, ""pe"": 1, ""profile"": ""baseline"", ""radix"": 8, ""reduction"": ""shoup"", ""stage_groups"": 1}"
full-full-b47851367cd509d3-unsupported-766887cf,full-full,unsupported,existing backend legality rules reject this combination,"NTT streamed, L4, R8, G2, barrett, PE1",0,,,,,,,,,,,,False,"{""arithmetic"": ""rns"", ""backend"": ""streamed"", ""generator"": ""ngen"", ""lanes"": 4, ""pe"": 1, ""profile"": ""baseline"", ""radix"": 8, ""reduction"": ""barrett"", ""stage_groups"": 2}"
full-full-62154809c09c4b36-unsupported-dae7a782,full-full,unsupported,existing backend legality rules reject this combination,"NTT streamed, L4, R8, G2, montgomery, PE1",0,,,,,,,,,,,,False,"{""arithmetic"": ""rns"", ""backend"": ""streamed"", ""generator"": ""ngen"", ""lanes"": 4, ""pe"": 1, ""profile"": ""baseline"", ""radix"": 8, ""reduction"": ""montgomery"", ""stage_groups"": 2}"
full-full-8c1be25f3cbf4ecc-unsupported-30e85cfb,full-full,unsupported,existing backend legality rules reject this combination,"NTT streamed, L4, R8, G2, shoup, PE1",0,,,,,,,,,,,,False,"{""arithmetic"": ""rns"", ""backend"": ""streamed"", ""generator"": ""ngen"", ""lanes"": 4, ""pe"": 1, ""profile"": ""baseline"", ""radix"": 8, ""reduction"": ""shoup"", ""stage_groups"": 2}"
full-full-026db38cfa58f93e,full-full,screened,,"NTT streamed, L4, R2, G1, barrett, PE2",0,0,0,62973,3193344,48864,282,4484,1727,3,,580283a0755c23f33f43c7cafd00c6c0b3ae242965ea79edc9f413d9b053eb3e,False,"{""arithmetic"": ""rns"", ""backend"": ""streamed"", ""generator"": ""ngen"", ""lanes"": 4, ""pe"": 2, ""profile"": ""baseline"", ""radix"": 2, ""reduction"": ""barrett"", ""stage_groups"": 1}"
full-full-a2b5b204f5e07182,full-full,screened,,"NTT streamed, L4, R2, G1, montgomery, PE2",0,0,0,63567,3193344,61086,282,4564,1767,3,,ed3c0f0d69888dcbcdbfd8b6e8c342d1a43cdc3000be17d2f536d847ee53020a,False,"{""arithmetic"": ""rns"", ""backend"": ""streamed"", ""generator"": ""ngen"", ""lanes"": 4, ""pe"": 2, ""profile"": ""baseline"", ""radix"": 2, ""reduction"": ""montgomery"", ""stage_groups"": 1}"
full-full-ea225328921802ce,full-full,screened,,"NTT streamed, L4, R2, G1, shoup, PE2",0,0,0,62883,3193344,47478,282,4484,1727,3,,59787fb032d9dfba083166bdb5c6b8abc6d6467f8edbc6cdc4e288b655d50895,True,"{""arithmetic"": ""rns"", ""backend"": ""streamed"", ""generator"": ""ngen"", ""lanes"": 4, ""pe"": 2, ""profile"": ""baseline"", ""radix"": 2, ""reduction"": ""shoup"", ""stage_groups"": 1}"
full-full-b9c5354b2e7b3fa8,full-full,screened,,"NTT streamed, L4, R2, G2, barrett, PE2",0,0,0,131895,3429888,79275,336,4982,1052,3,,138386e04f7c9391bd61f06de73328bf341b1e2c7e2e65286ab5b815e4636feb,False,"{""arithmetic"": ""rns"", ""backend"": ""streamed"", ""generator"": ""ngen"", ""lanes"": 4, ""pe"": 2, ""profile"": ""baseline"", ""radix"": 2, ""reduction"": ""barrett"", ""stage_groups"": 2}"
full-full-0be94f436118125f,full-full,screened,,"NTT streamed, L4, R2, G2, montgomery, PE2",0,0,0,133083,3429888,103719,336,5062,1072,3,,e67510f0afd51d613d7b2f65f8ca59a0b6b348d451e9e8f126cea6b24bd3d1e9,False,"{""arithmetic"": ""rns"", ""backend"": ""streamed"", ""generator"": ""ngen"", ""lanes"": 4, ""pe"": 2, ""profile"": ""baseline"", ""radix"": 2, ""reduction"": ""montgomery"", ""stage_groups"": 2}"
full-full-b3d8f9ec0c4f2b32,full-full,screened,,"NTT streamed, L4, R2, G2, shoup, PE2",0,0,0,131715,3429888,76503,336,4982,1052,3,,94f84dbcc96b59659ed43651bd25d68b3067d6dc26fd3927f13181a9a63cc414,True,"{""arithmetic"": ""rns"", ""backend"": ""streamed"", ""generator"": ""ngen"", ""lanes"": 4, ""pe"": 2, ""profile"": ""baseline"", ""radix"": 2, ""reduction"": ""shoup"", ""stage_groups"": 2}"
full-full-ba6f2f88587c41e4-unsupported-8d6fbf42,full-full,unsupported,existing backend legality rules reject this combination,"NTT streamed, L4, R4, G1, barrett, PE2",0,,,,,,,,,,,,False,"{""arithmetic"": ""rns"", ""backend"": ""streamed"", ""generator"": ""ngen"", ""lanes"": 4, ""pe"": 2, ""profile"": ""baseline"", ""radix"": 4, ""reduction"": ""barrett"", ""stage_groups"": 1}"
full-full-7375e1d5690f4510-unsupported-8e7e3255,full-full,unsupported,existing backend legality rules reject this combination,"NTT streamed, L4, R4, G1, montgomery, PE2",0,,,,,,,,,,,,False,"{""arithmetic"": ""rns"", ""backend"": ""streamed"", ""generator"": ""ngen"", ""lanes"": 4, ""pe"": 2, ""profile"": ""baseline"", ""radix"": 4, ""reduction"": ""montgomery"", ""stage_groups"": 1}"
full-full-cd52b26e4bf42495-unsupported-1d682d2d,full-full,unsupported,existing backend legality rules reject this combination,"NTT streamed, L4, R4, G1, shoup, PE2",0,,,,,,,,,,,,False,"{""arithmetic"": ""rns"", ""backend"": ""streamed"", ""generator"": ""ngen"", ""lanes"": 4, ""pe"": 2, ""profile"": ""baseline"", ""radix"": 4, ""reduction"": ""shoup"", ""stage_groups"": 1}"
full-full-a45ed8dca4babb94-unsupported-3294d120,full-full,unsupported,existing backend legality rules reject this combination,"NTT streamed, L4, R4, G2, barrett, PE2",0,,,,,,,,,,,,False,"{""arithmetic"": ""rns"", ""backend"": ""streamed"", ""generator"": ""ngen"", ""lanes"": 4, ""pe"": 2, ""profile"": ""baseline"", ""radix"": 4, ""reduction"": ""barrett"", ""stage_groups"": 2}"
full-full-44c45e25c1135ad8-unsupported-cbf36509,full-full,unsupported,existing backend legality rules reject this combination,"NTT streamed, L4, R4, G2, montgomery, PE2",0,,,,,,,,,,,,False,"{""arithmetic"": ""rns"", ""backend"": ""streamed"", ""generator"": ""ngen"", ""lanes"": 4, ""pe"": 2, ""profile"": ""baseline"", ""radix"": 4, ""reduction"": ""montgomery"", ""stage_groups"": 2}"
full-full-dc0610342c417a98-unsupported-4fc536d7,full-full,unsupported,existing backend legality rules reject this combination,"NTT streamed, L4, R4, G2, shoup, PE2",0,,,,,,,,,,,,False,"{""arithmetic"": ""rns"", ""backend"": ""streamed"", ""generator"": ""ngen"", ""lanes"": 4, ""pe"": 2, ""profile"": ""baseline"", ""radix"": 4, ""reduction"": ""shoup"", ""stage_groups"": 2}"
full-full-455adc66f431e94c,full-full,screened,,"NTT streamed, L4, R8, G1, barrett, PE2",0,0,0,979920,6779904,138507,1362,4236,2113,3,,6eca705c7fde027afec6efc2876ca349662de4bb4de7625dc7bc30042287f061,False,"{""arithmetic"": ""rns"", ""backend"": ""streamed"", ""generator"": ""ngen"", ""lanes"": 4, ""pe"": 2, ""profile"": ""baseline"", ""radix"": 8, ""reduction"": ""barrett"", ""stage_groups"": 1}"
full-full-847269fc182ff7ee,full-full,screened,,"NTT streamed, L4, R8, G1, montgomery, PE2",0,0,0,977652,6779904,136677,1362,4236,2113,3,,ec0baaaa2f34f57b8b30253cc02b21f6cb66d04b35aeb7d4130c7044a0fdb35c,False,"{""arithmetic"": ""rns"", ""backend"": ""streamed"", ""generator"": ""ngen"", ""lanes"": 4, ""pe"": 2, ""profile"": ""baseline"", ""radix"": 8, ""reduction"": ""montgomery"", ""stage_groups"": 1}"
full-full-e0a0977a7604de5e,full-full,screened,,"NTT streamed, L4, R8, G1, shoup, PE2",0,0,0,977652,6779904,136659,1362,4236,2113,3,,8da68109ca4b1a0453b5448c0acd4ec05d6117b0a73afe31c79a3f5b9b007d8e,True,"{""arithmetic"": ""rns"", ""backend"": ""streamed"", ""generator"": ""ngen"", ""lanes"": 4, ""pe"": 2, ""profile"": ""baseline"", ""radix"": 8, ""reduction"": ""shoup"", ""stage_groups"": 1}"
full-full-097959654d36ad8b-unsupported-ffce9311,full-full,unsupported,existing backend legality rules reject this combination,"NTT streamed, L4, R8, G2, barrett, PE2",0,,,,,,,,,,,,False,"{""arithmetic"": ""rns"", ""backend"": ""streamed"", ""generator"": ""ngen"", ""lanes"": 4, ""pe"": 2, ""profile"": ""baseline"", ""radix"": 8, ""reduction"": ""barrett"", ""stage_groups"": 2}"
full-full-6c978dd1561014e6-unsupported-bcb17191,full-full,unsupported,existing backend legality rules reject this combination,"NTT streamed, L4, R8, G2, montgomery, PE2",0,,,,,,,,,,,,False,"{""arithmetic"": ""rns"", ""backend"": ""streamed"", ""generator"": ""ngen"", ""lanes"": 4, ""pe"": 2, ""profile"": ""baseline"", ""radix"": 8, ""reduction"": ""montgomery"", ""stage_groups"": 2}"
full-full-b6c800d69fbf1bd7-unsupported-bfdceae9,full-full,unsupported,existing backend legality rules reject this combination,"NTT streamed, L4, R8, G2, shoup, PE2",0,,,,,,,,,,,,False,"{""arithmetic"": ""rns"", ""backend"": ""streamed"", ""generator"": ""ngen"", ""lanes"": 4, ""pe"": 2, ""profile"": ""baseline"", ""radix"": 8, ""reduction"": ""shoup"", ""stage_groups"": 2}"
full-full-894d9fd6733100c4,full-full,screened,,"NTT stage-parallel, L2, R2, G1, barrett",0,0,0,780912,591360,128985,62400,1818,521,3,,8815c3c6b4947842e67d24b4961607549a69a15673d819e98fc77bd980852b16,False,"{""arithmetic"": ""rns"", ""backend"": ""stage-parallel"", ""generator"": ""ngen"", ""lanes"": 2, ""profile"": ""baseline"", ""radix"": 2, ""reduction"": ""barrett"", ""stage_groups"": 1}"
full-full-94967427a47778ed,full-full,screened,,"NTT stage-parallel, L2, R2, G1, montgomery",0,0,0,656424,591360,128985,62454,1818,521,3,,58367c1c99d623c28e041c7a03523809540b3d351a26cf7eda83810fdd50de33,True,"{""arithmetic"": ""rns"", ""backend"": ""stage-parallel"", ""generator"": ""ngen"", ""lanes"": 2, ""profile"": ""baseline"", ""radix"": 2, ""reduction"": ""montgomery"", ""stage_groups"": 1}"
full-full-ab599516aa9e31e8,full-full,screened,,"NTT stage-parallel, L2, R2, G1, shoup",0,0,0,660870,591360,128985,62400,1818,521,3,,0e80339ebc344c711f32f0b42cc0eb96cf748d0ec75e0addd5a26683cd8907e1,True,"{""arithmetic"": ""rns"", ""backend"": ""stage-parallel"", ""generator"": ""ngen"", ""lanes"": 2, ""profile"": ""baseline"", ""radix"": 2, ""reduction"": ""shoup"", ""stage_groups"": 1}"
full-full-f64f5f836a860276-unsupported-4978e050,full-full,unsupported,existing backend legality rules reject this combination,"NTT stage-parallel, L2, R2, G2, barrett",0,,,,,,,,,,,,False,"{""arithmetic"": ""rns"", ""backend"": ""stage-parallel"", ""generator"": ""ngen"", ""lanes"": 2, ""profile"": ""baseline"", ""radix"": 2, ""reduction"": ""barrett"", ""stage_groups"": 2}"
full-full-4c1b01cf580b94cf-unsupported-6f3229ec,full-full,unsupported,existing backend legality rules reject this combination,"NTT stage-parallel, L2, R2, G2, montgomery",0,,,,,,,,,,,,False,"{""arithmetic"": ""rns"", ""backend"": ""stage-parallel"", ""generator"": ""ngen"", ""lanes"": 2, ""profile"": ""baseline"", ""radix"": 2, ""reduction"": ""montgomery"", ""stage_groups"": 2}"
full-full-b8e2c1eb153d6c6f-unsupported-510ec58a,full-full,unsupported,existing backend legality rules reject this combination,"NTT stage-parallel, L2, R2, G2, shoup",0,,,,,,,,,,,,False,"{""arithmetic"": ""rns"", ""backend"": ""stage-parallel"", ""generator"": ""ngen"", ""lanes"": 2, ""profile"": ""baseline"", ""radix"": 2, ""reduction"": ""shoup"", ""stage_groups"": 2}"
full-full-9133b77a0c2026cc-unsupported-1dded283,full-full,unsupported,existing backend legality rules reject this combination,"NTT stage-parallel, L2, R4, G1, barrett",0,,,,,,,,,,,,False,"{""arithmetic"": ""rns"", ""backend"": ""stage-parallel"", ""generator"": ""ngen"", ""lanes"": 2, ""profile"": ""baseline"", ""radix"": 4, ""reduction"": ""barrett"", ""stage_groups"": 1}"
full-full-e3d2381e257085a8-unsupported-c7380c40,full-full,unsupported,existing backend legality rules reject this combination,"NTT stage-parallel, L2, R4, G1, montgomery",0,,,,,,,,,,,,False,"{""arithmetic"": ""rns"", ""backend"": ""stage-parallel"", ""generator"": ""ngen"", ""lanes"": 2, ""profile"": ""baseline"", ""radix"": 4, ""reduction"": ""montgomery"", ""stage_groups"": 1}"
full-full-0c5fedb89b1dc9e9-unsupported-e442fcbf,full-full,unsupported,existing backend legality rules reject this combination,"NTT stage-parallel, L2, R4, G1, shoup",0,,,,,,,,,,,,False,"{""arithmetic"": ""rns"", ""backend"": ""stage-parallel"", ""generator"": ""ngen"", ""lanes"": 2, ""profile"": ""baseline"", ""radix"": 4, ""reduction"": ""shoup"", ""stage_groups"": 1}"
full-full-7e96b5efe81bec74-unsupported-05a09114,full-full,unsupported,existing backend legality rules reject this combination,"NTT stage-parallel, L2, R4, G2, barrett",0,,,,,,,,,,,,False,"{""arithmetic"": ""rns"", ""backend"": ""stage-parallel"", ""generator"": ""ngen"", ""lanes"": 2, ""profile"": ""baseline"", ""radix"": 4, ""reduction"": ""barrett"", ""stage_groups"": 2}"
full-full-d79d0ed7ef6a208e-unsupported-17a3b779,full-full,unsupported,existing backend legality rules reject this combination,"NTT stage-parallel, L2, R4, G2, montgomery",0,,,,,,,,,,,,False,"{""arithmetic"": ""rns"", ""backend"": ""stage-parallel"", ""generator"": ""ngen"", ""lanes"": 2, ""profile"": ""baseline"", ""radix"": 4, ""reduction"": ""montgomery"", ""stage_groups"": 2}"
full-full-e09b74ea21dae3b3-unsupported-1d7765ad,full-full,unsupported,existing backend legality rules reject this combination,"NTT stage-parallel, L2, R4, G2, shoup",0,,,,,,,,,,,,False,"{""arithmetic"": ""rns"", ""backend"": ""stage-parallel"", ""generator"": ""ngen"", ""lanes"": 2, ""profile"": ""baseline"", ""radix"": 4, ""reduction"": ""shoup"", ""stage_groups"": 2}"
full-full-b0e36634464cce1b-unsupported-42a17ffc,full-full,unsupported,existing backend legality rules reject this combination,"NTT stage-parallel, L2, R8, G1, barrett",0,,,,,,,,,,,,False,"{""arithmetic"": ""rns"", ""backend"": ""stage-parallel"", ""generator"": ""ngen"", ""lanes"": 2, ""profile"": ""baseline"", ""radix"": 8, ""reduction"": ""barrett"", ""stage_groups"": 1}"
full-full-5f62a466f22a0c4b-unsupported-7a3c96a9,full-full,unsupported,existing backend legality rules reject this combination,"NTT stage-parallel, L2, R8, G1, montgomery",0,,,,,,,,,,,,False,"{""arithmetic"": ""rns"", ""backend"": ""stage-parallel"", ""generator"": ""ngen"", ""lanes"": 2, ""profile"": ""baseline"", ""radix"": 8, ""reduction"": ""montgomery"", ""stage_groups"": 1}"
full-full-13957abd3c37928b-unsupported-667f58e9,full-full,unsupported,existing backend legality rules reject this combination,"NTT stage-parallel, L2, R8, G1, shoup",0,,,,,,,,,,,,False,"{""arithmetic"": ""rns"", ""backend"": ""stage-parallel"", ""generator"": ""ngen"", ""lanes"": 2, ""profile"": ""baseline"", ""radix"": 8, ""reduction"": ""shoup"", ""stage_groups"": 1}"
full-full-1e65d338150c3a17-unsupported-ca44a05b,full-full,unsupported,existing backend legality rules reject this combination,"NTT stage-parallel, L2, R8, G2, barrett",0,,,,,,,,,,,,False,"{""arithmetic"": ""rns"", ""backend"": ""stage-parallel"", ""generator"": ""ngen"", ""lanes"": 2, ""profile"": ""baseline"", ""radix"": 8, ""reduction"": ""barrett"", ""stage_groups"": 2}"
full-full-489da6de0161c585-unsupported-e498248a,full-full,unsupported,existing backend legality rules reject this combination,"NTT stage-parallel, L2, R8, G2, montgomery",0,,,,,,,,,,,,False,"{""arithmetic"": ""rns"", ""backend"": ""stage-parallel"", ""generator"": ""ngen"", ""lanes"": 2, ""profile"": ""baseline"", ""radix"": 8, ""reduction"": ""montgomery"", ""stage_groups"": 2}"
full-full-997f6a7ad27c2524-unsupported-d8784747,full-full,unsupported,existing backend legality rules reject this combination,"NTT stage-parallel, L2, R8, G2, shoup",0,,,,,,,,,,,,False,"{""arithmetic"": ""rns"", ""backend"": ""stage-parallel"", ""generator"": ""ngen"", ""lanes"": 2, ""profile"": ""baseline"", ""radix"": 8, ""reduction"": ""shoup"", ""stage_groups"": 2}"
full-full-894d9fd6733100c4-unsupported-f7cb8a35,full-full,unsupported,existing backend legality rules reject this combination,"NTT stage-parallel, L2, R2, G1, barrett",0,,,,,,,,,,,,False,"{""arithmetic"": ""rns"", ""backend"": ""stage-parallel"", ""generator"": ""ngen"", ""lanes"": 2, ""profile"": ""baseline"", ""radix"": 2, ""reduction"": ""barrett"", ""stage_groups"": 1}"
full-full-94967427a47778ed-unsupported-9cb58447,full-full,unsupported,existing backend legality rules reject this combination,"NTT stage-parallel, L2, R2, G1, montgomery",0,,,,,,,,,,,,False,"{""arithmetic"": ""rns"", ""backend"": ""stage-parallel"", ""generator"": ""ngen"", ""lanes"": 2, ""profile"": ""baseline"", ""radix"": 2, ""reduction"": ""montgomery"", ""stage_groups"": 1}"
full-full-ab599516aa9e31e8-unsupported-7c184b76,full-full,unsupported,existing backend legality rules reject this combination,"NTT stage-parallel, L2, R2, G1, shoup",0,,,,,,,,,,,,False,"{""arithmetic"": ""rns"", ""backend"": ""stage-parallel"", ""generator"": ""ngen"", ""lanes"": 2, ""profile"": ""baseline"", ""radix"": 2, ""reduction"": ""shoup"", ""stage_groups"": 1}"
full-full-f64f5f836a860276-unsupported-d30fefb2,full-full,unsupported,existing backend legality rules reject this combination,"NTT stage-parallel, L2, R2, G2, barrett",0,,,,,,,,,,,,False,"{""arithmetic"": ""rns"", ""backend"": ""stage-parallel"", ""generator"": ""ngen"", ""lanes"": 2, ""profile"": ""baseline"", ""radix"": 2, ""reduction"": ""barrett"", ""stage_groups"": 2}"
full-full-4c1b01cf580b94cf-unsupported-50dac5ce,full-full,unsupported,existing backend legality rules reject this combination,"NTT stage-parallel, L2, R2, G2, montgomery",0,,,,,,,,,,,,False,"{""arithmetic"": ""rns"", ""backend"": ""stage-parallel"", ""generator"": ""ngen"", ""lanes"": 2, ""profile"": ""baseline"", ""radix"": 2, ""reduction"": ""montgomery"", ""stage_groups"": 2}"
full-full-b8e2c1eb153d6c6f-unsupported-7063be0f,full-full,unsupported,existing backend legality rules reject this combination,"NTT stage-parallel, L2, R2, G2, shoup",0,,,,,,,,,,,,False,"{""arithmetic"": ""rns"", ""backend"": ""stage-parallel"", ""generator"": ""ngen"", ""lanes"": 2, ""profile"": ""baseline"", ""radix"": 2, ""reduction"": ""shoup"", ""stage_groups"": 2}"
full-full-9133b77a0c2026cc-unsupported-b278c7d0,full-full,unsupported,existing backend legality rules reject this combination,"NTT stage-parallel, L2, R4, G1, barrett",0,,,,,,,,,,,,False,"{""arithmetic"": ""rns"", ""backend"": ""stage-parallel"", ""generator"": ""ngen"", ""lanes"": 2, ""profile"": ""baseline"", ""radix"": 4, ""reduction"": ""barrett"", ""stage_groups"": 1}"
full-full-e3d2381e257085a8-unsupported-8149119c,full-full,unsupported,existing backend legality rules reject this combination,"NTT stage-parallel, L2, R4, G1, montgomery",0,,,,,,,,,,,,False,"{""arithmetic"": ""rns"", ""backend"": ""stage-parallel"", ""generator"": ""ngen"", ""lanes"": 2, ""profile"": ""baseline"", ""radix"": 4, ""reduction"": ""montgomery"", ""stage_groups"": 1}"
full-full-0c5fedb89b1dc9e9-unsupported-0f46a57a,full-full,unsupported,existing backend legality rules reject this combination,"NTT stage-parallel, L2, R4, G1, shoup",0,,,,,,,,,,,,False,"{""arithmetic"": ""rns"", ""backend"": ""stage-parallel"", ""generator"": ""ngen"", ""lanes"": 2, ""profile"": ""baseline"", ""radix"": 4, ""reduction"": ""shoup"", ""stage_groups"": 1}"
full-full-7e96b5efe81bec74-unsupported-2fa9bb65,full-full,unsupported,existing backend legality rules reject this combination,"NTT stage-parallel, L2, R4, G2, barrett",0,,,,,,,,,,,,False,"{""arithmetic"": ""rns"", ""backend"": ""stage-parallel"", ""generator"": ""ngen"", ""lanes"": 2, ""profile"": ""baseline"", ""radix"": 4, ""reduction"": ""barrett"", ""stage_groups"": 2}"
full-full-d79d0ed7ef6a208e-unsupported-572cba09,full-full,unsupported,existing backend legality rules reject this combination,"NTT stage-parallel, L2, R4, G2, montgomery",0,,,,,,,,,,,,False,"{""arithmetic"": ""rns"", ""backend"": ""stage-parallel"", ""generator"": ""ngen"", ""lanes"": 2, ""profile"": ""baseline"", ""radix"": 4, ""reduction"": ""montgomery"", ""stage_groups"": 2}"
full-full-e09b74ea21dae3b3-unsupported-a0e517a6,full-full,unsupported,existing backend legality rules reject this combination,"NTT stage-parallel, L2, R4, G2, shoup",0,,,,,,,,,,,,False,"{""arithmetic"": ""rns"", ""backend"": ""stage-parallel"", ""generator"": ""ngen"", ""lanes"": 2, ""profile"": ""baseline"", ""radix"": 4, ""reduction"": ""shoup"", ""stage_groups"": 2}"
full-full-b0e36634464cce1b-unsupported-189677a3,full-full,unsupported,existing backend legality rules reject this combination,"NTT stage-parallel, L2, R8, G1, barrett",0,,,,,,,,,,,,False,"{""arithmetic"": ""rns"", ""backend"": ""stage-parallel"", ""generator"": ""ngen"", ""lanes"": 2, ""profile"": ""baseline"", ""radix"": 8, ""reduction"": ""barrett"", ""stage_groups"": 1}"
full-full-5f62a466f22a0c4b-unsupported-9e0aca13,full-full,unsupported,existing backend legality rules reject this combination,"NTT stage-parallel, L2, R8, G1, montgomery",0,,,,,,,,,,,,False,"{""arithmetic"": ""rns"", ""backend"": ""stage-parallel"", ""generator"": ""ngen"", ""lanes"": 2, ""profile"": ""baseline"", ""radix"": 8, ""reduction"": ""montgomery"", ""stage_groups"": 1}"
full-full-13957abd3c37928b-unsupported-e377f0d1,full-full,unsupported,existing backend legality rules reject this combination,"NTT stage-parallel, L2, R8, G1, shoup",0,,,,,,,,,,,,False,"{""arithmetic"": ""rns"", ""backend"": ""stage-parallel"", ""generator"": ""ngen"", ""lanes"": 2, ""profile"": ""baseline"", ""radix"": 8, ""reduction"": ""shoup"", ""stage_groups"": 1}"
full-full-1e65d338150c3a17-unsupported-1276c3e0,full-full,unsupported,existing backend legality rules reject this combination,"NTT stage-parallel, L2, R8, G2, barrett",0,,,,,,,,,,,,False,"{""arithmetic"": ""rns"", ""backend"": ""stage-parallel"", ""generator"": ""ngen"", ""lanes"": 2, ""profile"": ""baseline"", ""radix"": 8, ""reduction"": ""barrett"", ""stage_groups"": 2}"
full-full-489da6de0161c585-unsupported-836bba0b,full-full,unsupported,existing backend legality rules reject this combination,"NTT stage-parallel, L2, R8, G2, montgomery",0,,,,,,,,,,,,False,"{""arithmetic"": ""rns"", ""backend"": ""stage-parallel"", ""generator"": ""ngen"", ""lanes"": 2, ""profile"": ""baseline"", ""radix"": 8, ""reduction"": ""montgomery"", ""stage_groups"": 2}"
full-full-997f6a7ad27c2524-unsupported-0b7c7701,full-full,unsupported,existing backend legality rules reject this combination,"NTT stage-parallel, L2, R8, G2, shoup",0,,,,,,,,,,,,False,"{""arithmetic"": ""rns"", ""backend"": ""stage-parallel"", ""generator"": ""ngen"", ""lanes"": 2, ""profile"": ""baseline"", ""radix"": 8, ""reduction"": ""shoup"", ""stage_groups"": 2}"
full-full-6289b5a004c8201b,full-full,screened,,"NTT stage-parallel, L4, R2, G1, barrett",0,0,0,782073,591360,131226,62652,1306,256,3,,49b87413f504306b574df5eb629d7a78934992f6f72e5faf9ba746af0c9729b8,False,"{""arithmetic"": ""rns"", ""backend"": ""stage-parallel"", ""generator"": ""ngen"", ""lanes"": 4, ""profile"": ""baseline"", ""radix"": 2, ""reduction"": ""barrett"", ""stage_groups"": 1}"
full-full-11335611734ae86a,full-full,screened,,"NTT stage-parallel, L4, R2, G1, montgomery",0,0,0,657513,591360,131226,62760,1306,256,3,,6d8a1824d35a146e3506b22adbdc258ce6661cc2f3367ae4ed24dc6b087a3ce6,True,"{""arithmetic"": ""rns"", ""backend"": ""stage-parallel"", ""generator"": ""ngen"", ""lanes"": 4, ""profile"": ""baseline"", ""radix"": 2, ""reduction"": ""montgomery"", ""stage_groups"": 1}"
full-full-9251d54f54166f86,full-full,screened,,"NTT stage-parallel, L4, R2, G1, shoup",0,0,0,661797,591360,131226,62652,1306,256,3,,639dd318137a7e7debd81fca378f2702e83c13f8d48c00adc8e74935e302df48,True,"{""arithmetic"": ""rns"", ""backend"": ""stage-parallel"", ""generator"": ""ngen"", ""lanes"": 4, ""profile"": ""baseline"", ""radix"": 2, ""reduction"": ""shoup"", ""stage_groups"": 1}"
full-full-3b09ead3f1bcdcbe-unsupported-f4fef344,full-full,unsupported,existing backend legality rules reject this combination,"NTT stage-parallel, L4, R2, G2, barrett",0,,,,,,,,,,,,False,"{""arithmetic"": ""rns"", ""backend"": ""stage-parallel"", ""generator"": ""ngen"", ""lanes"": 4, ""profile"": ""baseline"", ""radix"": 2, ""reduction"": ""barrett"", ""stage_groups"": 2}"
full-full-abd9f80959ec9566-unsupported-c3bbfcad,full-full,unsupported,existing backend legality rules reject this combination,"NTT stage-parallel, L4, R2, G2, montgomery",0,,,,,,,,,,,,False,"{""arithmetic"": ""rns"", ""backend"": ""stage-parallel"", ""generator"": ""ngen"", ""lanes"": 4, ""profile"": ""baseline"", ""radix"": 2, ""reduction"": ""montgomery"", ""stage_groups"": 2}"
full-full-ccc0c006f277a7d2-unsupported-1fa52e0e,full-full,unsupported,existing backend legality rules reject this combination,"NTT stage-parallel, L4, R2, G2, shoup",0,,,,,,,,,,,,False,"{""arithmetic"": ""rns"", ""backend"": ""stage-parallel"", ""generator"": ""ngen"", ""lanes"": 4, ""profile"": ""baseline"", ""radix"": 2, ""reduction"": ""shoup"", ""stage_groups"": 2}"
full-full-90879e85dcee2537-unsupported-b2dac0d8,full-full,unsupported,existing backend legality rules reject this combination,"NTT stage-parallel, L4, R4, G1, barrett",0,,,,,,,,,,,,False,"{""arithmetic"": ""rns"", ""backend"": ""stage-parallel"", ""generator"": ""ngen"", ""lanes"": 4, ""profile"": ""baseline"", ""radix"": 4, ""reduction"": ""barrett"", ""stage_groups"": 1}"
full-full-6dfcbf6ad672f066-unsupported-11a96a3a,full-full,unsupported,existing backend legality rules reject this combination,"NTT stage-parallel, L4, R4, G1, montgomery",0,,,,,,,,,,,,False,"{""arithmetic"": ""rns"", ""backend"": ""stage-parallel"", ""generator"": ""ngen"", ""lanes"": 4, ""profile"": ""baseline"", ""radix"": 4, ""reduction"": ""montgomery"", ""stage_groups"": 1}"
full-full-0a5842d44a6ccf34-unsupported-060d2637,full-full,unsupported,existing backend legality rules reject this combination,"NTT stage-parallel, L4, R4, G1, shoup",0,,,,,,,,,,,,False,"{""arithmetic"": ""rns"", ""backend"": ""stage-parallel"", ""generator"": ""ngen"", ""lanes"": 4, ""profile"": ""baseline"", ""radix"": 4, ""reduction"": ""shoup"", ""stage_groups"": 1}"
full-full-f4f300f8fbd7190d-unsupported-a30c6442,full-full,unsupported,existing backend legality rules reject this combination,"NTT stage-parallel, L4, R4, G2, barrett",0,,,,,,,,,,,,False,"{""arithmetic"": ""rns"", ""backend"": ""stage-parallel"", ""generator"": ""ngen"", ""lanes"": 4, ""profile"": ""baseline"", ""radix"": 4, ""reduction"": ""barrett"", ""stage_groups"": 2}"
full-full-48389037d413d56c-unsupported-f2f52a9c,full-full,unsupported,existing backend legality rules reject this combination,"NTT stage-parallel, L4, R4, G2, montgomery",0,,,,,,,,,,,,False,"{""arithmetic"": ""rns"", ""backend"": ""stage-parallel"", ""generator"": ""ngen"", ""lanes"": 4, ""profile"": ""baseline"", ""radix"": 4, ""reduction"": ""montgomery"", ""stage_groups"": 2}"
full-full-777658c740b8ef94-unsupported-05388be9,full-full,unsupported,existing backend legality rules reject this combination,"NTT stage-parallel, L4, R4, G2, shoup",0,,,,,,,,,,,,False,"{""arithmetic"": ""rns"", ""backend"": ""stage-parallel"", ""generator"": ""ngen"", ""lanes"": 4, ""profile"": ""baseline"", ""radix"": 4, ""reduction"": ""shoup"", ""stage_groups"": 2}"
full-full-97d3f2122b085061-unsupported-5190ffa8,full-full,unsupported,existing backend legality rules reject this combination,"NTT stage-parallel, L4, R8, G1, barrett",0,,,,,,,,,,,,False,"{""arithmetic"": ""rns"", ""backend"": ""stage-parallel"", ""generator"": ""ngen"", ""lanes"": 4, ""profile"": ""baseline"", ""radix"": 8, ""reduction"": ""barrett"", ""stage_groups"": 1}"
full-full-8dff9b212e02e062-unsupported-39bc9c44,full-full,unsupported,existing backend legality rules reject this combination,"NTT stage-parallel, L4, R8, G1, montgomery",0,,,,,,,,,,,,False,"{""arithmetic"": ""rns"", ""backend"": ""stage-parallel"", ""generator"": ""ngen"", ""lanes"": 4, ""profile"": ""baseline"", ""radix"": 8, ""reduction"": ""montgomery"", ""stage_groups"": 1}"
full-full-d143648c1ca49614-unsupported-9ba9b035,full-full,unsupported,existing backend legality rules reject this combination,"NTT stage-parallel, L4, R8, G1, shoup",0,,,,,,,,,,,,False,"{""arithmetic"": ""rns"", ""backend"": ""stage-parallel"", ""generator"": ""ngen"", ""lanes"": 4, ""profile"": ""baseline"", ""radix"": 8, ""reduction"": ""shoup"", ""stage_groups"": 1}"
full-full-b179c644cdc355d2-unsupported-8d82e204,full-full,unsupported,existing backend legality rules reject this combination,"NTT stage-parallel, L4, R8, G2, barrett",0,,,,,,,,,,,,False,"{""arithmetic"": ""rns"", ""backend"": ""stage-parallel"", ""generator"": ""ngen"", ""lanes"": 4, ""profile"": ""baseline"", ""radix"": 8, ""reduction"": ""barrett"", ""stage_groups"": 2}"
full-full-ffc47920f21b4a51-unsupported-eaaa3c2b,full-full,unsupported,existing backend legality rules reject this combination,"NTT stage-parallel, L4, R8, G2, montgomery",0,,,,,,,,,,,,False,"{""arithmetic"": ""rns"", ""backend"": ""stage-parallel"", ""generator"": ""ngen"", ""lanes"": 4, ""profile"": ""baseline"", ""radix"": 8, ""reduction"": ""montgomery"", ""stage_groups"": 2}"
full-full-0621bd5ccf1b0a2d-unsupported-be3cfb75,full-full,unsupported,existing backend legality rules reject this combination,"NTT stage-parallel, L4, R8, G2, shoup",0,,,,,,,,,,,,False,"{""arithmetic"": ""rns"", ""backend"": ""stage-parallel"", ""generator"": ""ngen"", ""lanes"": 4, ""profile"": ""baseline"", ""radix"": 8, ""reduction"": ""shoup"", ""stage_groups"": 2}"
full-full-6289b5a004c8201b-unsupported-a0719124,full-full,unsupported,existing backend legality rules reject this combination,"NTT stage-parallel, L4, R2, G1, barrett",0,,,,,,,,,,,,False,"{""arithmetic"": ""rns"", ""backend"": ""stage-parallel"", ""generator"": ""ngen"", ""lanes"": 4, ""profile"": ""baseline"", ""radix"": 2, ""reduction"": ""barrett"", ""stage_groups"": 1}"
full-full-11335611734ae86a-unsupported-5445611c,full-full,unsupported,existing backend legality rules reject this combination,"NTT stage-parallel, L4, R2, G1, montgomery",0,,,,,,,,,,,,False,"{""arithmetic"": ""rns"", ""backend"": ""stage-parallel"", ""generator"": ""ngen"", ""lanes"": 4, ""profile"": ""baseline"", ""radix"": 2, ""reduction"": ""montgomery"", ""stage_groups"": 1}"
full-full-9251d54f54166f86-unsupported-8ba3b1d7,full-full,unsupported,existing backend legality rules reject this combination,"NTT stage-parallel, L4, R2, G1, shoup",0,,,,,,,,,,,,False,"{""arithmetic"": ""rns"", ""backend"": ""stage-parallel"", ""generator"": ""ngen"", ""lanes"": 4, ""profile"": ""baseline"", ""radix"": 2, ""reduction"": ""shoup"", ""stage_groups"": 1}"
full-full-3b09ead3f1bcdcbe-unsupported-2c63fc6d,full-full,unsupported,existing backend legality rules reject this combination,"NTT stage-parallel, L4, R2, G2, barrett",0,,,,,,,,,,,,False,"{""arithmetic"": ""rns"", ""backend"": ""stage-parallel"", ""generator"": ""ngen"", ""lanes"": 4, ""profile"": ""baseline"", ""radix"": 2, ""reduction"": ""barrett"", ""stage_groups"": 2}"
full-full-abd9f80959ec9566-unsupported-b5b25665,full-full,unsupported,existing backend legality rules reject this combination,"NTT stage-parallel, L4, R2, G2, montgomery",0,,,,,,,,,,,,False,"{""arithmetic"": ""rns"", ""backend"": ""stage-parallel"", ""generator"": ""ngen"", ""lanes"": 4, ""profile"": ""baseline"", ""radix"": 2, ""reduction"": ""montgomery"", ""stage_groups"": 2}"
full-full-ccc0c006f277a7d2-unsupported-b4126a10,full-full,unsupported,existing backend legality rules reject this combination,"NTT stage-parallel, L4, R2, G2, shoup",0,,,,,,,,,,,,False,"{""arithmetic"": ""rns"", ""backend"": ""stage-parallel"", ""generator"": ""ngen"", ""lanes"": 4, ""profile"": ""baseline"", ""radix"": 2, ""reduction"": ""shoup"", ""stage_groups"": 2}"
full-full-90879e85dcee2537-unsupported-a905be5d,full-full,unsupported,existing backend legality rules reject this combination,"NTT stage-parallel, L4, R4, G1, barrett",0,,,,,,,,,,,,False,"{""arithmetic"": ""rns"", ""backend"": ""stage-parallel"", ""generator"": ""ngen"", ""lanes"": 4, ""profile"": ""baseline"", ""radix"": 4, ""reduction"": ""barrett"", ""stage_groups"": 1}"
full-full-6dfcbf6ad672f066-unsupported-a62aacce,full-full,unsupported,existing backend legality rules reject this combination,"NTT stage-parallel, L4, R4, G1, montgomery",0,,,,,,,,,,,,False,"{""arithmetic"": ""rns"", ""backend"": ""stage-parallel"", ""generator"": ""ngen"", ""lanes"": 4, ""profile"": ""baseline"", ""radix"": 4, ""reduction"": ""montgomery"", ""stage_groups"": 1}"
full-full-0a5842d44a6ccf34-unsupported-a321d922,full-full,unsupported,existing backend legality rules reject this combination,"NTT stage-parallel, L4, R4, G1, shoup",0,,,,,,,,,,,,False,"{""arithmetic"": ""rns"", ""backend"": ""stage-parallel"", ""generator"": ""ngen"", ""lanes"": 4, ""profile"": ""baseline"", ""radix"": 4, ""reduction"": ""shoup"", ""stage_groups"": 1}"
full-full-f4f300f8fbd7190d-unsupported-e9fba112,full-full,unsupported,existing backend legality rules reject this combination,"NTT stage-parallel, L4, R4, G2, barrett",0,,,,,,,,,,,,False,"{""arithmetic"": ""rns"", ""backend"": ""stage-parallel"", ""generator"": ""ngen"", ""lanes"": 4, ""profile"": ""baseline"", ""radix"": 4, ""reduction"": ""barrett"", ""stage_groups"": 2}"
full-full-48389037d413d56c-unsupported-8ad3914c,full-full,unsupported,existing backend legality rules reject this combination,"NTT stage-parallel, L4, R4, G2, montgomery",0,,,,,,,,,,,,False,"{""arithmetic"": ""rns"", ""backend"": ""stage-parallel"", ""generator"": ""ngen"", ""lanes"": 4, ""profile"": ""baseline"", ""radix"": 4, ""reduction"": ""montgomery"", ""stage_groups"": 2}"
full-full-777658c740b8ef94-unsupported-065cd00a,full-full,unsupported,existing backend legality rules reject this combination,"NTT stage-parallel, L4, R4, G2, shoup",0,,,,,,,,,,,,False,"{""arithmetic"": ""rns"", ""backend"": ""stage-parallel"", ""generator"": ""ngen"", ""lanes"": 4, ""profile"": ""baseline"", ""radix"": 4, ""reduction"": ""shoup"", ""stage_groups"": 2}"
full-full-97d3f2122b085061-unsupported-9a7f9a1a,full-full,unsupported,existing backend legality rules reject this combination,"NTT stage-parallel, L4, R8, G1, barrett",0,,,,,,,,,,,,False,"{""arithmetic"": ""rns"", ""backend"": ""stage-parallel"", ""generator"": ""ngen"", ""lanes"": 4, ""profile"": ""baseline"", ""radix"": 8, ""reduction"": ""barrett"", ""stage_groups"": 1}"
full-full-8dff9b212e02e062-unsupported-cb7964b5,full-full,unsupported,existing backend legality rules reject this combination,"NTT stage-parallel, L4, R8, G1, montgomery",0,,,,,,,,,,,,False,"{""arithmetic"": ""rns"", ""backend"": ""stage-parallel"", ""generator"": ""ngen"", ""lanes"": 4, ""profile"": ""baseline"", ""radix"": 8, ""reduction"": ""montgomery"", ""stage_groups"": 1}"
full-full-d143648c1ca49614-unsupported-0e7b89ff,full-full,unsupported,existing backend legality rules reject this combination,"NTT stage-parallel, L4, R8, G1, shoup",0,,,,,,,,,,,,False,"{""arithmetic"": ""rns"", ""backend"": ""stage-parallel"", ""generator"": ""ngen"", ""lanes"": 4, ""profile"": ""baseline"", ""radix"": 8, ""reduction"": ""shoup"", ""stage_groups"": 1}"
full-full-b179c644cdc355d2-unsupported-a5700027,full-full,unsupported,existing backend legality rules reject this combination,"NTT stage-parallel, L4, R8, G2, barrett",0,,,,,,,,,,,,False,"{""arithmetic"": ""rns"", ""backend"": ""stage-parallel"", ""generator"": ""ngen"", ""lanes"": 4, ""profile"": ""baseline"", ""radix"": 8, ""reduction"": ""barrett"", ""stage_groups"": 2}"
full-full-ffc47920f21b4a51-unsupported-ab75b972,full-full,unsupported,existing backend legality rules reject this combination,"NTT stage-parallel, L4, R8, G2, montgomery",0,,,,,,,,,,,,False,"{""arithmetic"": ""rns"", ""backend"": ""stage-parallel"", ""generator"": ""ngen"", ""lanes"": 4, ""profile"": ""baseline"", ""radix"": 8, ""reduction"": ""montgomery"", ""stage_groups"": 2}"
full-full-0621bd5ccf1b0a2d-unsupported-d58a1225,full-full,unsupported,existing backend legality rules reject this combination,"NTT stage-parallel, L4, R8, G2, shoup",0,,,,,,,,,,,,False,"{""arithmetic"": ""rns"", ""backend"": ""stage-parallel"", ""generator"": ""ngen"", ""lanes"": 4, ""profile"": ""baseline"", ""radix"": 8, ""reduction"": ""shoup"", ""stage_groups"": 2}"
full-full-fft-round-q4,full-full,screened,,"FFT compact, L2, f30, omit0, round4",4,8,8,48384,2985072,294923,74,511711,505844,,36,911f9be9d7bd50b7d146fe4ed6ef978186a5737c222e07319a79d96653e7b120,False,"{""arithmetic"": ""split-radix16"", ""backend"": ""compact"", ""fractional_bits"": 30, ""generator"": ""sgen"", ""guard_bits"": 0, ""integer_bits"": 41, ""lanes"": 2, ""radix"": 2}"
full-full-fft-round-q8,full-full,screened,,"FFT compact, L2, f30, omit0, round8",8,128,128,48384,2985072,294923,74,511711,505844,,36,cc3444b61f9b1d8c1111595ccee06f63c585bb1f363109a1359e3f4951d80e21,False,"{""arithmetic"": ""split-radix16"", ""backend"": ""compact"", ""fractional_bits"": 30, ""generator"": ""sgen"", ""guard_bits"": 0, ""integer_bits"": 41, ""lanes"": 2, ""radix"": 2}"
full-byte-2671751079a0d694,full-byte,screened,,"NTT streamed, L2, R2, G1, barrett, PE1",0,0,0,12682,2368104,21141,74,8067,3390,2,,277f4deb831d40e4de3fd6c40e8a51ec3db0518975400aa946a021825eeeda3f,False,"{""arithmetic"": ""rns"", ""backend"": ""streamed"", ""generator"": ""ngen"", ""lanes"": 2, ""pe"": 1, ""profile"": ""baseline"", ""radix"": 2, ""reduction"": ""barrett"", ""stage_groups"": 1}"
full-byte-95739394eac0074c,full-byte,screened,,"NTT streamed, L2, R2, G1, barrett, PE1, round4",4,8,8,12685,2368104,21141,74,8067,3390,2,,0465411b9417f04c85738c8d5e3f0201fa9a9e033efd64a16f6c87a7ba4b6053,False,"{""arithmetic"": ""rns"", ""backend"": ""streamed"", ""generator"": ""ngen"", ""lanes"": 2, ""pe"": 1, ""profile"": ""baseline"", ""radix"": 2, ""reduction"": ""barrett"", ""stage_groups"": 1}"
full-byte-259b42aa1bb79805,full-byte,screened,,"NTT streamed, L2, R2, G1, barrett, PE1, round8",8,128,128,12685,2368104,21141,74,8067,3390,2,,280113f175bd20fc142fb8ac1e582c90ba98f8b9dcafd9756f970fc8da2770e3,False,"{""arithmetic"": ""rns"", ""backend"": ""streamed"", ""generator"": ""ngen"", ""lanes"": 2, ""pe"": 1, ""profile"": ""baseline"", ""radix"": 2, ""reduction"": ""barrett"", ""stage_groups"": 1}"
full-byte-ce6203254ba4ee8a,full-byte,certificate-rejected,numerical or structural certificate rejected,"FFT compact, L2, f24, omit0",0,,,,,,,,,,15,,False,"{""arithmetic"": ""split-radix16"", ""backend"": ""compact"", ""fractional_bits"": 24, ""generator"": ""sgen"", ""guard_bits"": 0, ""integer_bits"": 41, ""lanes"": 2, ""radix"": 2}"
full-byte-f9215aee9a7851d7,full-byte,certificate-rejected,numerical or structural certificate rejected,"FFT compact, L2, f24, omit1",0,,,,,,,,,,14,,False,"{""arithmetic"": ""split-radix16"", ""backend"": ""compact"", ""fractional_bits"": 24, ""generator"": ""sgen"", ""guard_bits"": 0, ""integer_bits"": 41, ""lanes"": 2, ""omit_low_diagonals"": 1, ""radix"": 2}"
full-byte-ef97792106d5368a,full-byte,certificate-rejected,numerical or structural certificate rejected,"FFT compact, L2, f24, omit2",0,,,,,,,,,,12,,False,"{""arithmetic"": ""split-radix16"", ""backend"": ""compact"", ""fractional_bits"": 24, ""generator"": ""sgen"", ""guard_bits"": 0, ""integer_bits"": 41, ""lanes"": 2, ""omit_low_diagonals"": 2, ""radix"": 2}"
full-byte-c4fc51b879071a0f,full-byte,certificate-rejected,numerical or structural certificate rejected,"FFT compact, L2, f28, omit0",0,,,,,,,,,,15,,False,"{""arithmetic"": ""split-radix16"", ""backend"": ""compact"", ""fractional_bits"": 28, ""generator"": ""sgen"", ""guard_bits"": 0, ""integer_bits"": 41, ""lanes"": 2, ""radix"": 2}"
full-byte-8fce5c7827370aac,full-byte,certificate-rejected,numerical or structural certificate rejected,"FFT compact, L2, f28, omit1",0,,,,,,,,,,14,,False,"{""arithmetic"": ""split-radix16"", ""backend"": ""compact"", ""fractional_bits"": 28, ""generator"": ""sgen"", ""guard_bits"": 0, ""integer_bits"": 41, ""lanes"": 2, ""omit_low_diagonals"": 1, ""radix"": 2}"
full-byte-2045ac61a64dab3f,full-byte,certificate-rejected,numerical or structural certificate rejected,"FFT compact, L2, f28, omit2",0,,,,,,,,,,12,,False,"{""arithmetic"": ""split-radix16"", ""backend"": ""compact"", ""fractional_bits"": 28, ""generator"": ""sgen"", ""guard_bits"": 0, ""integer_bits"": 41, ""lanes"": 2, ""omit_low_diagonals"": 2, ""radix"": 2}"
full-byte-745f1ee6949e829f,full-byte,certificate-rejected,numerical or structural certificate rejected,"FFT compact, L2, f29, omit0",0,,,,,,,,,,15,,False,"{""arithmetic"": ""split-radix16"", ""backend"": ""compact"", ""fractional_bits"": 29, ""generator"": ""sgen"", ""guard_bits"": 0, ""integer_bits"": 41, ""lanes"": 2, ""radix"": 2}"
full-byte-b395af430bf9f6e1,full-byte,certificate-rejected,numerical or structural certificate rejected,"FFT compact, L2, f29, omit1",0,,,,,,,,,,14,,False,"{""arithmetic"": ""split-radix16"", ""backend"": ""compact"", ""fractional_bits"": 29, ""generator"": ""sgen"", ""guard_bits"": 0, ""integer_bits"": 41, ""lanes"": 2, ""omit_low_diagonals"": 1, ""radix"": 2}"
full-byte-b00caa62bf45760b,full-byte,certificate-rejected,numerical or structural certificate rejected,"FFT compact, L2, f29, omit2",0,,,,,,,,,,12,,False,"{""arithmetic"": ""split-radix16"", ""backend"": ""compact"", ""fractional_bits"": 29, ""generator"": ""sgen"", ""guard_bits"": 0, ""integer_bits"": 41, ""lanes"": 2, ""omit_low_diagonals"": 2, ""radix"": 2}"
full-byte-eefdd4bf5c29af98,full-byte,screened,,"FFT compact, L2, f30, omit0",0,0,0,48381,2957424,294635,74,216934,211067,,15,962fde417f4406809c62c140eae2625bde81f05b8814aaf28214cdf3345e6801,False,"{""arithmetic"": ""split-radix16"", ""backend"": ""compact"", ""fractional_bits"": 30, ""generator"": ""sgen"", ""guard_bits"": 0, ""integer_bits"": 41, ""lanes"": 2, ""radix"": 2}"
full-byte-0e1fec3798e6ae6a,full-byte,screened,,"FFT compact, L2, f30, omit1",0,115200,115200,48381,2957424,294635,74,202897,197030,,14,55c16febaea93369142ee61e50d5450d0a4181912e2838dddcdabb9573174a37,False,"{""arithmetic"": ""split-radix16"", ""backend"": ""compact"", ""fractional_bits"": 30, ""generator"": ""sgen"", ""guard_bits"": 0, ""integer_bits"": 41, ""lanes"": 2, ""omit_low_diagonals"": 1, ""radix"": 2}"
full-byte-8f63e262e7a157f7,full-byte,screened,,"FFT compact, L2, f30, omit2",0,3801600,2818560,48381,2957424,294635,74,174823,168956,,12,d76b0ea07018b42790cb4d35d78ce370d2fba6fb17b57812c70ce5ef6c68f2b5,False,"{""arithmetic"": ""split-radix16"", ""backend"": ""compact"", ""fractional_bits"": 30, ""generator"": ""sgen"", ""guard_bits"": 0, ""integer_bits"": 41, ""lanes"": 2, ""omit_low_diagonals"": 2, ""radix"": 2}"
full-byte-6584825ac2ee001c,full-byte,screened,,"FFT compact, L2, f32, omit0",0,0,0,48381,3039344,295673,74,216934,211067,,15,88e87e5c3da0b3992ed0bded3ae8882d760347a4813a3e27ae6431d24bf441db,False,"{""arithmetic"": ""split-radix16"", ""backend"": ""compact"", ""fractional_bits"": 32, ""generator"": ""sgen"", ""guard_bits"": 0, ""integer_bits"": 41, ""lanes"": 2, ""radix"": 2}"
full-byte-128dfd9427798ef3,full-byte,screened,,"FFT compact, L2, f32, omit1",0,115200,115200,48381,3039344,295673,74,202897,197030,,14,0a3c98a6a9e78c2e37ba5a65c8c2e85b37f17a1ab31452840e868eb77bd2f7f2,False,"{""arithmetic"": ""split-radix16"", ""backend"": ""compact"", ""fractional_bits"": 32, ""generator"": ""sgen"", ""guard_bits"": 0, ""integer_bits"": 41, ""lanes"": 2, ""omit_low_diagonals"": 1, ""radix"": 2}"
full-byte-1adad5ee6c98a2a5,full-byte,screened,,"FFT compact, L2, f32, omit2",0,3801600,2818560,48381,3039344,295673,74,174823,168956,,12,109d6726bf5cf859c08a7f4957251f19f535c77b83c98530ff1a8c3cde4cd909,False,"{""arithmetic"": ""split-radix16"", ""backend"": ""compact"", ""fractional_bits"": 32, ""generator"": ""sgen"", ""guard_bits"": 0, ""integer_bits"": 41, ""lanes"": 2, ""omit_low_diagonals"": 2, ""radix"": 2}"
full-byte-c9ec12925d8af33e,full-byte,screened,,"FFT compact, L2, f40, omit0",0,0,0,48381,3367024,299825,74,216934,211067,,15,5c56a1a5ebd6895f266c02076d9b78a19ec16f6306da04cbeef9d0251a602026,False,"{""arithmetic"": ""split-radix16"", ""backend"": ""compact"", ""fractional_bits"": 40, ""generator"": ""sgen"", ""guard_bits"": 0, ""integer_bits"": 41, ""lanes"": 2, ""radix"": 2}"
full-byte-8e6e89c934ec3d12,full-byte,screened,,"FFT compact, L2, f40, omit1",0,115200,115200,48381,3367024,299825,74,202897,197030,,14,171b8244977c50475d4b9aaf8dc2d25e69b236fcbee4b0d9fab1327e825a3223,False,"{""arithmetic"": ""split-radix16"", ""backend"": ""compact"", ""fractional_bits"": 40, ""generator"": ""sgen"", ""guard_bits"": 0, ""integer_bits"": 41, ""lanes"": 2, ""omit_low_diagonals"": 1, ""radix"": 2}"
full-byte-56322a1b02a1c48c,full-byte,screened,,"FFT compact, L2, f40, omit2",0,3801600,2818560,48381,3367024,299825,74,174823,168956,,12,239ce35a3edd2cdf43a679f8703c7898abda0da70680448e9719f5541a320105,False,"{""arithmetic"": ""split-radix16"", ""backend"": ""compact"", ""fractional_bits"": 40, ""generator"": ""sgen"", ""guard_bits"": 0, ""integer_bits"": 41, ""lanes"": 2, ""omit_low_diagonals"": 2, ""radix"": 2}"
full-byte-929bfec8bb242529,full-byte,screened,,"FFT compact, L2, f48, omit0",0,0,0,48381,3694704,303977,74,216934,211067,,15,a323d42e2bb4d4b5011b1b517fa1f158d305704435ac9fe7a7e8ded41f0e73b5,False,"{""arithmetic"": ""split-radix16"", ""backend"": ""compact"", ""fractional_bits"": 48, ""generator"": ""sgen"", ""guard_bits"": 0, ""integer_bits"": 41, ""lanes"": 2, ""radix"": 2}"
full-byte-5d8f53971bf8a4e5,full-byte,screened,,"FFT compact, L2, f48, omit1",0,115200,115200,48381,3694704,303977,74,202897,197030,,14,89700a251861883322dd72ec3a5771e9ef3408db31a801a26f93829f59234d70,False,"{""arithmetic"": ""split-radix16"", ""backend"": ""compact"", ""fractional_bits"": 48, ""generator"": ""sgen"", ""guard_bits"": 0, ""integer_bits"": 41, ""lanes"": 2, ""omit_low_diagonals"": 1, ""radix"": 2}"
full-byte-4a5489af376e02f0,full-byte,screened,,"FFT compact, L2, f48, omit2",0,3801600,2818560,48381,3694704,303977,74,174823,168956,,12,db13d83cb61c08bb7e93fa889e38eac9c7e0c49f15f0f09b3544bd648ef38cf5,False,"{""arithmetic"": ""split-radix16"", ""backend"": ""compact"", ""fractional_bits"": 48, ""generator"": ""sgen"", ""guard_bits"": 0, ""integer_bits"": 41, ""lanes"": 2, ""omit_low_diagonals"": 2, ""radix"": 2}"
full-byte-5935365c57b2793d,full-byte,screened,,"NTT streamed, L2, R2, G1, montgomery, PE1",0,0,0,12880,2368104,25683,74,8147,3430,2,,aeb4511e5a5ef2110978d4233a5a623ccee82dc633e885e6c15ec17765912412,False,"{""arithmetic"": ""rns"", ""backend"": ""streamed"", ""generator"": ""ngen"", ""lanes"": 2, ""pe"": 1, ""profile"": ""baseline"", ""radix"": 2, ""reduction"": ""montgomery"", ""stage_groups"": 1}"
full-byte-100cccca71d3fe57,full-byte,screened,,"NTT streamed, L2, R2, G1, shoup, PE1",0,0,0,12652,2368104,20601,74,8067,3390,2,,7328305e5068bcb3c07eb421c681c68f7809a6479ac9c8e75c4930f2748287ed,True,"{""arithmetic"": ""rns"", ""backend"": ""streamed"", ""generator"": ""ngen"", ""lanes"": 2, ""pe"": 1, ""profile"": ""baseline"", ""radix"": 2, ""reduction"": ""shoup"", ""stage_groups"": 1}"
full-byte-5ca30b7814d69613,full-byte,screened,,"NTT streamed, L2, R2, G2, barrett, PE1",0,0,0,23062,2552424,36189,92,9097,2080,2,,f5567dffa0d9244801f68135bceda2aec338cf2cf6ddca2ae7e0840a6b3f93e2,False,"{""arithmetic"": ""rns"", ""backend"": ""streamed"", ""generator"": ""ngen"", ""lanes"": 2, ""pe"": 1, ""profile"": ""baseline"", ""radix"": 2, ""reduction"": ""barrett"", ""stage_groups"": 2}"
full-byte-0c44ef8cb98ae492,full-byte,screened,,"NTT streamed, L2, R2, G2, montgomery, PE1",0,0,0,23458,2552424,45273,92,9177,2100,2,,378a783a1ace116b42bf6b00558b2e2fd012b955e9dbe8695ad0b94ba899ba84,False,"{""arithmetic"": ""rns"", ""backend"": ""streamed"", ""generator"": ""ngen"", ""lanes"": 2, ""pe"": 1, ""profile"": ""baseline"", ""radix"": 2, ""reduction"": ""montgomery"", ""stage_groups"": 2}"
full-byte-0f851e0aae00ef93,full-byte,screened,,"NTT streamed, L2, R2, G2, shoup, PE1",0,0,0,23002,2552424,35109,92,9097,2080,2,,1555ff712a0e382ae78f8e09363763e3d7d5cf444c10a31a45278ff382245f3a,True,"{""arithmetic"": ""rns"", ""backend"": ""streamed"", ""generator"": ""ngen"", ""lanes"": 2, ""pe"": 1, ""profile"": ""baseline"", ""radix"": 2, ""reduction"": ""shoup"", ""stage_groups"": 2}"
full-byte-305a7ca59e59d87d-unsupported-5435c407,full-byte,unsupported,existing backend legality rules reject this combination,"NTT streamed, L2, R4, G1, barrett, PE1",0,,,,,,,,,,,,False,"{""arithmetic"": ""rns"", ""backend"": ""streamed"", ""generator"": ""ngen"", ""lanes"": 2, ""pe"": 1, ""profile"": ""baseline"", ""radix"": 4, ""reduction"": ""barrett"", ""stage_groups"": 1}"
full-byte-2dee72abac552c6b-unsupported-3b5d38b8,full-byte,unsupported,existing backend legality rules reject this combination,"NTT streamed, L2, R4, G1, montgomery, PE1",0,,,,,,,,,,,,False,"{""arithmetic"": ""rns"", ""backend"": ""streamed"", ""generator"": ""ngen"", ""lanes"": 2, ""pe"": 1, ""profile"": ""baseline"", ""radix"": 4, ""reduction"": ""montgomery"", ""stage_groups"": 1}"
full-byte-3b349174d1563f99-unsupported-0a4b9dfa,full-byte,unsupported,existing backend legality rules reject this combination,"NTT streamed, L2, R4, G1, shoup, PE1",0,,,,,,,,,,,,False,"{""arithmetic"": ""rns"", ""backend"": ""streamed"", ""generator"": ""ngen"", ""lanes"": 2, ""pe"": 1, ""profile"": ""baseline"", ""radix"": 4, ""reduction"": ""shoup"", ""stage_groups"": 1}"
full-byte-b1a05fa557bffc9e-unsupported-f56e0453,full-byte,unsupported,existing backend legality rules reject this combination,"NTT streamed, L2, R4, G2, barrett, PE1",0,,,,,,,,,,,,False,"{""arithmetic"": ""rns"", ""backend"": ""streamed"", ""generator"": ""ngen"", ""lanes"": 2, ""pe"": 1, ""profile"": ""baseline"", ""radix"": 4, ""reduction"": ""barrett"", ""stage_groups"": 2}"
full-byte-ac66d0fdc4305be0-unsupported-abf57e3d,full-byte,unsupported,existing backend legality rules reject this combination,"NTT streamed, L2, R4, G2, montgomery, PE1",0,,,,,,,,,,,,False,"{""arithmetic"": ""rns"", ""backend"": ""streamed"", ""generator"": ""ngen"", ""lanes"": 2, ""pe"": 1, ""profile"": ""baseline"", ""radix"": 4, ""reduction"": ""montgomery"", ""stage_groups"": 2}"
full-byte-98e0df4fa24daedb-unsupported-6ce4f6fb,full-byte,unsupported,existing backend legality rules reject this combination,"NTT streamed, L2, R4, G2, shoup, PE1",0,,,,,,,,,,,,False,"{""arithmetic"": ""rns"", ""backend"": ""streamed"", ""generator"": ""ngen"", ""lanes"": 2, ""pe"": 1, ""profile"": ""baseline"", ""radix"": 4, ""reduction"": ""shoup"", ""stage_groups"": 2}"
full-byte-ab9972d5e85afb3a,full-byte,screened,,"NTT streamed, L2, R8, G1, barrett, PE1",0,0,0,131770,5189832,56133,434,7686,4219,2,,599c68bbb83279db96e7d39c21132a3e92958263a0300b5852dd77dcc8f40b07,False,"{""arithmetic"": ""rns"", ""backend"": ""streamed"", ""generator"": ""ngen"", ""lanes"": 2, ""pe"": 1, ""profile"": ""baseline"", ""radix"": 8, ""reduction"": ""barrett"", ""stage_groups"": 1}"
full-byte-48988ad2a031e9e7,full-byte,screened,,"NTT streamed, L2, R8, G1, montgomery, PE1",0,0,0,131014,5189832,55419,434,7686,4219,2,,aa5a81cb847538ee16ca5d11b9e3cc57d7a13b4ee027844baac673fb6980a5fc,False,"{""arithmetic"": ""rns"", ""backend"": ""streamed"", ""generator"": ""ngen"", ""lanes"": 2, ""pe"": 1, ""profile"": ""baseline"", ""radix"": 8, ""reduction"": ""montgomery"", ""stage_groups"": 1}"
full-byte-caa46e3f53738331,full-byte,screened,,"NTT streamed, L2, R8, G1, shoup, PE1",0,0,0,131014,5189832,55413,434,7686,4219,2,,33ab195a05ea6713a7d2f98de49e2bb246fd779b19e1fb691ac4fc03a6e15053,False,"{""arithmetic"": ""rns"", ""backend"": ""streamed"", ""generator"": ""ngen"", ""lanes"": 2, ""pe"": 1, ""profile"": ""baseline"", ""radix"": 8, ""reduction"": ""shoup"", ""stage_groups"": 1}"
full-byte-2fc41168dfc96cc7-unsupported-27688b14,full-byte,unsupported,existing backend legality rules reject this combination,"NTT streamed, L2, R8, G2, barrett, PE1",0,,,,,,,,,,,,False,"{""arithmetic"": ""rns"", ""backend"": ""streamed"", ""generator"": ""ngen"", ""lanes"": 2, ""pe"": 1, ""profile"": ""baseline"", ""radix"": 8, ""reduction"": ""barrett"", ""stage_groups"": 2}"
full-byte-39315bc0217127b3-unsupported-398c96c3,full-byte,unsupported,existing backend legality rules reject this combination,"NTT streamed, L2, R8, G2, montgomery, PE1",0,,,,,,,,,,,,False,"{""arithmetic"": ""rns"", ""backend"": ""streamed"", ""generator"": ""ngen"", ""lanes"": 2, ""pe"": 1, ""profile"": ""baseline"", ""radix"": 8, ""reduction"": ""montgomery"", ""stage_groups"": 2}"
full-byte-64d61cc492e7edee-unsupported-07287616,full-byte,unsupported,existing backend legality rules reject this combination,"NTT streamed, L2, R8, G2, shoup, PE1",0,,,,,,,,,,,,False,"{""arithmetic"": ""rns"", ""backend"": ""streamed"", ""generator"": ""ngen"", ""lanes"": 2, ""pe"": 1, ""profile"": ""baseline"", ""radix"": 8, ""reduction"": ""shoup"", ""stage_groups"": 2}"
full-byte-195c9e035cf60edc,full-byte,screened,,"NTT streamed, L2, R2, G1, barrett, PE2",0,0,0,29938,2368512,34647,92,5252,1983,2,,87829a195a9eb8cb82440e22aa35177ad39d28b8424e43136e51ec462e4df301,False,"{""arithmetic"": ""rns"", ""backend"": ""streamed"", ""generator"": ""ngen"", ""lanes"": 2, ""pe"": 2, ""profile"": ""baseline"", ""radix"": 2, ""reduction"": ""barrett"", ""stage_groups"": 1}"
full-byte-a248aada965d4a2c,full-byte,screened,,"NTT streamed, L2, R2, G1, montgomery, PE2",0,0,0,30334,2368512,43731,92,5332,2023,2,,6d46bd3d26aa14c708f182ec47158cf60422ba32390302be0c3c4eb737d1f2bf,False,"{""arithmetic"": ""rns"", ""backend"": ""streamed"", ""generator"": ""ngen"", ""lanes"": 2, ""pe"": 2, ""profile"": ""baseline"", ""radix"": 2, ""reduction"": ""montgomery"", ""stage_groups"": 1}"
full-byte-9da1956d97e906c6,full-byte,screened,,"NTT streamed, L2, R2, G1, shoup, PE2",0,0,0,29878,2368512,33567,92,5252,1983,2,,1ec03054e7016f7e5b3660f1b9ed90fc33ae32e7fe0b79aca77b6a42dfc458c7,True,"{""arithmetic"": ""rns"", ""backend"": ""streamed"", ""generator"": ""ngen"", ""lanes"": 2, ""pe"": 2, ""profile"": ""baseline"", ""radix"": 2, ""reduction"": ""shoup"", ""stage_groups"": 1}"
full-byte-5fd2524efeb57ba5,full-byte,screened,,"NTT streamed, L2, R2, G2, barrett, PE2",0,0,0,64054,2552832,57525,128,6262,1308,2,,9560473334aa74dc89f8e89cb534d006a1cf71ae2e1c9a1b82161c3d54f24da6,False,"{""arithmetic"": ""rns"", ""backend"": ""streamed"", ""generator"": ""ngen"", ""lanes"": 2, ""pe"": 2, ""profile"": ""baseline"", ""radix"": 2, ""reduction"": ""barrett"", ""stage_groups"": 2}"
full-byte-2a994ac4a3bdff1f,full-byte,screened,,"NTT streamed, L2, R2, G2, montgomery, PE2",0,0,0,64846,2552832,75693,128,6342,1328,2,,097f8ab113d6b7b4f03029456877b681e68272da3fcd58442dafb1f11aeccd27,False,"{""arithmetic"": ""rns"", ""backend"": ""streamed"", ""generator"": ""ngen"", ""lanes"": 2, ""pe"": 2, ""profile"": ""baseline"", ""radix"": 2, ""reduction"": ""montgomery"", ""stage_groups"": 2}"
full-byte-c79e9fb02ecb051e,full-byte,screened,,"NTT streamed, L2, R2, G2, shoup, PE2",0,0,0,63934,2552832,55365,128,6262,1308,2,,20761726e44d71c648980cbb618aa268ab11032615d4786f80958d00acb121ec,True,"{""arithmetic"": ""rns"", ""backend"": ""streamed"", ""generator"": ""ngen"", ""lanes"": 2, ""pe"": 2, ""profile"": ""baseline"", ""radix"": 2, ""reduction"": ""shoup"", ""stage_groups"": 2}"
full-byte-25a4d2512139961a-unsupported-b5cf0a8f,full-byte,unsupported,existing backend legality rules reject this combination,"NTT streamed, L2, R4, G1, barrett, PE2",0,,,,,,,,,,,,False,"{""arithmetic"": ""rns"", ""backend"": ""streamed"", ""generator"": ""ngen"", ""lanes"": 2, ""pe"": 2, ""profile"": ""baseline"", ""radix"": 4, ""reduction"": ""barrett"", ""stage_groups"": 1}"
full-byte-77bf9c6f3112fec5-unsupported-224b62c7,full-byte,unsupported,existing backend legality rules reject this combination,"NTT streamed, L2, R4, G1, montgomery, PE2",0,,,,,,,,,,,,False,"{""arithmetic"": ""rns"", ""backend"": ""streamed"", ""generator"": ""ngen"", ""lanes"": 2, ""pe"": 2, ""profile"": ""baseline"", ""radix"": 4, ""reduction"": ""montgomery"", ""stage_groups"": 1}"
full-byte-2335df0fcfeed0bd-unsupported-ca4d42c8,full-byte,unsupported,existing backend legality rules reject this combination,"NTT streamed, L2, R4, G1, shoup, PE2",0,,,,,,,,,,,,False,"{""arithmetic"": ""rns"", ""backend"": ""streamed"", ""generator"": ""ngen"", ""lanes"": 2, ""pe"": 2, ""profile"": ""baseline"", ""radix"": 4, ""reduction"": ""shoup"", ""stage_groups"": 1}"
full-byte-1ef5a0ef013f1058-unsupported-35587d3c,full-byte,unsupported,existing backend legality rules reject this combination,"NTT streamed, L2, R4, G2, barrett, PE2",0,,,,,,,,,,,,False,"{""arithmetic"": ""rns"", ""backend"": ""streamed"", ""generator"": ""ngen"", ""lanes"": 2, ""pe"": 2, ""profile"": ""baseline"", ""radix"": 4, ""reduction"": ""barrett"", ""stage_groups"": 2}"
full-byte-15a83004d289c3ea-unsupported-63deaedd,full-byte,unsupported,existing backend legality rules reject this combination,"NTT streamed, L2, R4, G2, montgomery, PE2",0,,,,,,,,,,,,False,"{""arithmetic"": ""rns"", ""backend"": ""streamed"", ""generator"": ""ngen"", ""lanes"": 2, ""pe"": 2, ""profile"": ""baseline"", ""radix"": 4, ""reduction"": ""montgomery"", ""stage_groups"": 2}"
full-byte-22739bdcf6d06258-unsupported-426e3f94,full-byte,unsupported,existing backend legality rules reject this combination,"NTT streamed, L2, R4, G2, shoup, PE2",0,,,,,,,,,,,,False,"{""arithmetic"": ""rns"", ""backend"": ""streamed"", ""generator"": ""ngen"", ""lanes"": 2, ""pe"": 2, ""profile"": ""baseline"", ""radix"": 4, ""reduction"": ""shoup"", ""stage_groups"": 2}"
full-byte-4e13d4783979421d,full-byte,screened,,"NTT streamed, L2, R8, G1, barrett, PE2",0,0,0,579100,5195520,104757,812,5004,2113,2,,c1bc0a3d5053418431a4e0b5ccd02451d48af89c3efad8c12093f49b8102236e,False,"{""arithmetic"": ""rns"", ""backend"": ""streamed"", ""generator"": ""ngen"", ""lanes"": 2, ""pe"": 2, ""profile"": ""baseline"", ""radix"": 8, ""reduction"": ""barrett"", ""stage_groups"": 1}"
full-byte-a10088a9c15a889a,full-byte,screened,,"NTT streamed, L2, R8, G1, montgomery, PE2",0,0,0,577588,5195520,103329,812,5004,2113,2,,9ee8bb86861410b2cc92c0a0c7f5f79a8a6511922a8e83514eee00dc1a05e1fc,False,"{""arithmetic"": ""rns"", ""backend"": ""streamed"", ""generator"": ""ngen"", ""lanes"": 2, ""pe"": 2, ""profile"": ""baseline"", ""radix"": 8, ""reduction"": ""montgomery"", ""stage_groups"": 1}"
full-byte-b0dfb2faa68224ce,full-byte,screened,,"NTT streamed, L2, R8, G1, shoup, PE2",0,0,0,577588,5195520,103317,812,5004,2113,2,,8f756c6dff190e64ef2c19cb2c8df4a6bb7e6f1bff3c1d6c84948b944398d8d9,False,"{""arithmetic"": ""rns"", ""backend"": ""streamed"", ""generator"": ""ngen"", ""lanes"": 2, ""pe"": 2, ""profile"": ""baseline"", ""radix"": 8, ""reduction"": ""shoup"", ""stage_groups"": 1}"
full-byte-d20cb81150c2e50f-unsupported-5c4939c5,full-byte,unsupported,existing backend legality rules reject this combination,"NTT streamed, L2, R8, G2, barrett, PE2",0,,,,,,,,,,,,False,"{""arithmetic"": ""rns"", ""backend"": ""streamed"", ""generator"": ""ngen"", ""lanes"": 2, ""pe"": 2, ""profile"": ""baseline"", ""radix"": 8, ""reduction"": ""barrett"", ""stage_groups"": 2}"
full-byte-122c2352c586e1a6-unsupported-92cee566,full-byte,unsupported,existing backend legality rules reject this combination,"NTT streamed, L2, R8, G2, montgomery, PE2",0,,,,,,,,,,,,False,"{""arithmetic"": ""rns"", ""backend"": ""streamed"", ""generator"": ""ngen"", ""lanes"": 2, ""pe"": 2, ""profile"": ""baseline"", ""radix"": 8, ""reduction"": ""montgomery"", ""stage_groups"": 2}"
full-byte-403fa5f9328fde98-unsupported-1be63c13,full-byte,unsupported,existing backend legality rules reject this combination,"NTT streamed, L2, R8, G2, shoup, PE2",0,,,,,,,,,,,,False,"{""arithmetic"": ""rns"", ""backend"": ""streamed"", ""generator"": ""ngen"", ""lanes"": 2, ""pe"": 2, ""profile"": ""baseline"", ""radix"": 8, ""reduction"": ""shoup"", ""stage_groups"": 2}"
full-byte-18d4288f527763a4,full-byte,screened,,"NTT streamed, L4, R2, G1, barrett, PE1",0,0,0,35710,2368104,25263,170,7299,3134,2,,5df9c1e99cbdec3e731897f910fa53068c06f91b4e48011004d48d36cec4ec3e,False,"{""arithmetic"": ""rns"", ""backend"": ""streamed"", ""generator"": ""ngen"", ""lanes"": 4, ""pe"": 1, ""profile"": ""baseline"", ""radix"": 2, ""reduction"": ""barrett"", ""stage_groups"": 1}"
full-byte-6ca0b202f87499d4,full-byte,screened,,"NTT streamed, L4, R2, G1, montgomery, PE1",0,0,0,35908,2368104,29805,170,7379,3174,2,,bce4635005e171a8feb417ca1b4ef81b65d87204cdbe823bb44c71aa41430e6e,False,"{""arithmetic"": ""rns"", ""backend"": ""streamed"", ""generator"": ""ngen"", ""lanes"": 4, ""pe"": 1, ""profile"": ""baseline"", ""radix"": 2, ""reduction"": ""montgomery"", ""stage_groups"": 1}"
full-byte-855f3dd185f586e6,full-byte,screened,,"NTT streamed, L4, R2, G1, shoup, PE1",0,0,0,35680,2368104,24723,170,7299,3134,2,,528c2b2c5fb8c1cd6b9a0484bd0650d9b6f0ecbfc05cf28baf14c1a2e472c6fa,True,"{""arithmetic"": ""rns"", ""backend"": ""streamed"", ""generator"": ""ngen"", ""lanes"": 4, ""pe"": 1, ""profile"": ""baseline"", ""radix"": 2, ""reduction"": ""shoup"", ""stage_groups"": 1}"
full-byte-329dad2bc6515ae6,full-byte,screened,,"NTT streamed, L4, R2, G2, barrett, PE1",0,0,0,68944,2552424,43143,188,7817,1824,2,,4a982a7ad88dec04bb27f1ee378995f48e1aa09fb4eac09188732f7d1405d2be,False,"{""arithmetic"": ""rns"", ""backend"": ""streamed"", ""generator"": ""ngen"", ""lanes"": 4, ""pe"": 1, ""profile"": ""baseline"", ""radix"": 2, ""reduction"": ""barrett"", ""stage_groups"": 2}"
full-byte-4cc88c5f50f38d86,full-byte,screened,,"NTT streamed, L4, R2, G2, montgomery, PE1",0,0,0,69340,2552424,52227,188,7897,1844,2,,e0552d3fbae1b3cb7d556b2d2acb72938050e49b52412e05559663344a227b13,False,"{""arithmetic"": ""rns"", ""backend"": ""streamed"", ""generator"": ""ngen"", ""lanes"": 4, ""pe"": 1, ""profile"": ""baseline"", ""radix"": 2, ""reduction"": ""montgomery"", ""stage_groups"": 2}"
full-byte-03bc49f793f673ca,full-byte,screened,,"NTT streamed, L4, R2, G2, shoup, PE1",0,0,0,68884,2552424,42063,188,7817,1824,2,,27559442e9941c915f8ff8975197da96b72868d446da3fba58c9442164a70750,False,"{""arithmetic"": ""rns"", ""backend"": ""streamed"", ""generator"": ""ngen"", ""lanes"": 4, ""pe"": 1, ""profile"": ""baseline"", ""radix"": 2, ""reduction"": ""shoup"", ""stage_groups"": 2}"
full-byte-e772d7974282820f-unsupported-7c694305,full-byte,unsupported,existing backend legality rules reject this combination,"NTT streamed, L4, R4, G1, barrett, PE1",0,,,,,,,,,,,,False,"{""arithmetic"": ""rns"", ""backend"": ""streamed"", ""generator"": ""ngen"", ""lanes"": 4, ""pe"": 1, ""profile"": ""baseline"", ""radix"": 4, ""reduction"": ""barrett"", ""stage_groups"": 1}"
full-byte-f3b6f0ce9ee4edfe-unsupported-fcf43597,full-byte,unsupported,existing backend legality rules reject this combination,"NTT streamed, L4, R4, G1, montgomery, PE1",0,,,,,,,,,,,,False,"{""arithmetic"": ""rns"", ""backend"": ""streamed"", ""generator"": ""ngen"", ""lanes"": 4, ""pe"": 1, ""profile"": ""baseline"", ""radix"": 4, ""reduction"": ""montgomery"", ""stage_groups"": 1}"
full-byte-a3c4490b1f854e7c-unsupported-e598d758,full-byte,unsupported,existing backend legality rules reject this combination,"NTT streamed, L4, R4, G1, shoup, PE1",0,,,,,,,,,,,,False,"{""arithmetic"": ""rns"", ""backend"": ""streamed"", ""generator"": ""ngen"", ""lanes"": 4, ""pe"": 1, ""profile"": ""baseline"", ""radix"": 4, ""reduction"": ""shoup"", ""stage_groups"": 1}"
full-byte-dd644cdccff54d38-unsupported-a29942e7,full-byte,unsupported,existing backend legality rules reject this combination,"NTT streamed, L4, R4, G2, barrett, PE1",0,,,,,,,,,,,,False,"{""arithmetic"": ""rns"", ""backend"": ""streamed"", ""generator"": ""ngen"", ""lanes"": 4, ""pe"": 1, ""profile"": ""baseline"", ""radix"": 4, ""reduction"": ""barrett"", ""stage_groups"": 2}"
full-byte-88b5884c20170d46-unsupported-d255d3c4,full-byte,unsupported,existing backend legality rules reject this combination,"NTT streamed, L4, R4, G2, montgomery, PE1",0,,,,,,,,,,,,False,"{""arithmetic"": ""rns"", ""backend"": ""streamed"", ""generator"": ""ngen"", ""lanes"": 4, ""pe"": 1, ""profile"": ""baseline"", ""radix"": 4, ""reduction"": ""montgomery"", ""stage_groups"": 2}"
full-byte-9312600dd7f3c5de-unsupported-77e3343c,full-byte,unsupported,existing backend legality rules reject this combination,"NTT streamed, L4, R4, G2, shoup, PE1",0,,,,,,,,,,,,False,"{""arithmetic"": ""rns"", ""backend"": ""streamed"", ""generator"": ""ngen"", ""lanes"": 4, ""pe"": 1, ""profile"": ""baseline"", ""radix"": 4, ""reduction"": ""shoup"", ""stage_groups"": 2}"
full-byte-f1cb3b156e98cabe,full-byte,screened,,"NTT streamed, L4, R8, G1, barrett, PE1",0,0,0,159436,5189832,57783,530,6918,4219,2,,714a6c829db8bf3a88be872a19be58bf69cf15d8c1ddba016a6987390ad9b943,False,"{""arithmetic"": ""rns"", ""backend"": ""streamed"", ""generator"": ""ngen"", ""lanes"": 4, ""pe"": 1, ""profile"": ""baseline"", ""radix"": 8, ""reduction"": ""barrett"", ""stage_groups"": 1}"
full-byte-d3e40f0cd5a22126,full-byte,screened,,"NTT streamed, L4, R8, G1, montgomery, PE1",0,0,0,158680,5189832,57069,530,6918,4219,2,,7f2116f33df6fd6598c28411a2eb2f1fd0cd7fdbbd8bd929ad61149ae5d2dcfa,False,"{""arithmetic"": ""rns"", ""backend"": ""streamed"", ""generator"": ""ngen"", ""lanes"": 4, ""pe"": 1, ""profile"": ""baseline"", ""radix"": 8, ""reduction"": ""montgomery"", ""stage_groups"": 1}"
full-byte-ff187b3736e7694e,full-byte,screened,,"NTT streamed, L4, R8, G1, shoup, PE1",0,0,0,158680,5189832,57063,530,6918,4219,2,,b99ec5f78c5dbc39a54ab9ce9c13ca8da0b969b5cdc1add9ff9b754eb311c8aa,False,"{""arithmetic"": ""rns"", ""backend"": ""streamed"", ""generator"": ""ngen"", ""lanes"": 4, ""pe"": 1, ""profile"": ""baseline"", ""radix"": 8, ""reduction"": ""shoup"", ""stage_groups"": 1}"
full-byte-09840b828406e2a1-unsupported-766887cf,full-byte,unsupported,existing backend legality rules reject this combination,"NTT streamed, L4, R8, G2, barrett, PE1",0,,,,,,,,,,,,False,"{""arithmetic"": ""rns"", ""backend"": ""streamed"", ""generator"": ""ngen"", ""lanes"": 4, ""pe"": 1, ""profile"": ""baseline"", ""radix"": 8, ""reduction"": ""barrett"", ""stage_groups"": 2}"
full-byte-7f55e4c1fa2c919b-unsupported-dae7a782,full-byte,unsupported,existing backend legality rules reject this combination,"NTT streamed, L4, R8, G2, montgomery, PE1",0,,,,,,,,,,,,False,"{""arithmetic"": ""rns"", ""backend"": ""streamed"", ""generator"": ""ngen"", ""lanes"": 4, ""pe"": 1, ""profile"": ""baseline"", ""radix"": 8, ""reduction"": ""montgomery"", ""stage_groups"": 2}"
full-byte-eb93bd4322b7979d-unsupported-30e85cfb,full-byte,unsupported,existing backend legality rules reject this combination,"NTT streamed, L4, R8, G2, shoup, PE1",0,,,,,,,,,,,,False,"{""arithmetic"": ""rns"", ""backend"": ""streamed"", ""generator"": ""ngen"", ""lanes"": 4, ""pe"": 1, ""profile"": ""baseline"", ""radix"": 8, ""reduction"": ""shoup"", ""stage_groups"": 2}"
full-byte-c47267a4ca4e81c9,full-byte,screened,,"NTT streamed, L4, R2, G1, barrett, PE2",0,0,0,41992,2368512,36297,188,4484,1727,2,,f914069fc2a0aac8cff7aaf9480123c0053958f5dfdbb25bc74fde2876df4a32,False,"{""arithmetic"": ""rns"", ""backend"": ""streamed"", ""generator"": ""ngen"", ""lanes"": 4, ""pe"": 2, ""profile"": ""baseline"", ""radix"": 2, ""reduction"": ""barrett"", ""stage_groups"": 1}"
full-byte-7a02d01464a1ad07,full-byte,screened,,"NTT streamed, L4, R2, G1, montgomery, PE2",0,0,0,42388,2368512,45381,188,4564,1767,2,,c5fc3cb8cf5036fa4081ed9c62ae6e8e288ee2f2ec78811e09e1faebee825a29,False,"{""arithmetic"": ""rns"", ""backend"": ""streamed"", ""generator"": ""ngen"", ""lanes"": 4, ""pe"": 2, ""profile"": ""baseline"", ""radix"": 2, ""reduction"": ""montgomery"", ""stage_groups"": 1}"
full-byte-f496f325adec9dff,full-byte,screened,,"NTT streamed, L4, R2, G1, shoup, PE2",0,0,0,41932,2368512,35217,188,4484,1727,2,,86200adf8159ddef59dd66cd0fc5a56c55718a39402ff2239c414ee5b29cf398,True,"{""arithmetic"": ""rns"", ""backend"": ""streamed"", ""generator"": ""ngen"", ""lanes"": 4, ""pe"": 2, ""profile"": ""baseline"", ""radix"": 2, ""reduction"": ""shoup"", ""stage_groups"": 1}"
full-byte-bc86fd843054c118,full-byte,screened,,"NTT streamed, L4, R2, G2, barrett, PE2",0,0,0,87940,2552832,59535,224,4982,1052,2,,f2ae628d4f7ae119d1c26c86c7156ce1ab8614874a37b8c9c4b06abde1d134ee,False,"{""arithmetic"": ""rns"", ""backend"": ""streamed"", ""generator"": ""ngen"", ""lanes"": 4, ""pe"": 2, ""profile"": ""baseline"", ""radix"": 2, ""reduction"": ""barrett"", ""stage_groups"": 2}"
full-byte-c3cf03c4e75a6441,full-byte,screened,,"NTT streamed, L4, R2, G2, montgomery, PE2",0,0,0,88732,2552832,77703,224,5062,1072,2,,be58f2477473eb314eaf49a4e6cfa26a7691f48ce217f3b17e78b3bda63dec6f,False,"{""arithmetic"": ""rns"", ""backend"": ""streamed"", ""generator"": ""ngen"", ""lanes"": 4, ""pe"": 2, ""profile"": ""baseline"", ""radix"": 2, ""reduction"": ""montgomery"", ""stage_groups"": 2}"
full-byte-5634e496055e1206,full-byte,screened,,"NTT streamed, L4, R2, G2, shoup, PE2",0,0,0,87820,2552832,57375,224,4982,1052,2,,c7945cd2a84795d4da219fad72af9bb61412e24b4cbc1da0ee97928f672003be,True,"{""arithmetic"": ""rns"", ""backend"": ""streamed"", ""generator"": ""ngen"", ""lanes"": 4, ""pe"": 2, ""profile"": ""baseline"", ""radix"": 2, ""reduction"": ""shoup"", ""stage_groups"": 2}"
full-byte-411d3d53c8eddd10-unsupported-8d6fbf42,full-byte,unsupported,existing backend legality rules reject this combination,"NTT streamed, L4, R4, G1, barrett, PE2",0,,,,,,,,,,,,False,"{""arithmetic"": ""rns"", ""backend"": ""streamed"", ""generator"": ""ngen"", ""lanes"": 4, ""pe"": 2, ""profile"": ""baseline"", ""radix"": 4, ""reduction"": ""barrett"", ""stage_groups"": 1}"
full-byte-76098e9e14fbe0ae-unsupported-8e7e3255,full-byte,unsupported,existing backend legality rules reject this combination,"NTT streamed, L4, R4, G1, montgomery, PE2",0,,,,,,,,,,,,False,"{""arithmetic"": ""rns"", ""backend"": ""streamed"", ""generator"": ""ngen"", ""lanes"": 4, ""pe"": 2, ""profile"": ""baseline"", ""radix"": 4, ""reduction"": ""montgomery"", ""stage_groups"": 1}"
full-byte-c30953116a357cd9-unsupported-1d682d2d,full-byte,unsupported,existing backend legality rules reject this combination,"NTT streamed, L4, R4, G1, shoup, PE2",0,,,,,,,,,,,,False,"{""arithmetic"": ""rns"", ""backend"": ""streamed"", ""generator"": ""ngen"", ""lanes"": 4, ""pe"": 2, ""profile"": ""baseline"", ""radix"": 4, ""reduction"": ""shoup"", ""stage_groups"": 1}"
full-byte-ec7b526effb9f689-unsupported-3294d120,full-byte,unsupported,existing backend legality rules reject this combination,"NTT streamed, L4, R4, G2, barrett, PE2",0,,,,,,,,,,,,False,"{""arithmetic"": ""rns"", ""backend"": ""streamed"", ""generator"": ""ngen"", ""lanes"": 4, ""pe"": 2, ""profile"": ""baseline"", ""radix"": 4, ""reduction"": ""barrett"", ""stage_groups"": 2}"
full-byte-4f9988ed67eb6292-unsupported-cbf36509,full-byte,unsupported,existing backend legality rules reject this combination,"NTT streamed, L4, R4, G2, montgomery, PE2",0,,,,,,,,,,,,False,"{""arithmetic"": ""rns"", ""backend"": ""streamed"", ""generator"": ""ngen"", ""lanes"": 4, ""pe"": 2, ""profile"": ""baseline"", ""radix"": 4, ""reduction"": ""montgomery"", ""stage_groups"": 2}"
full-byte-cd1372e114da3031-unsupported-4fc536d7,full-byte,unsupported,existing backend legality rules reject this combination,"NTT streamed, L4, R4, G2, shoup, PE2",0,,,,,,,,,,,,False,"{""arithmetic"": ""rns"", ""backend"": ""streamed"", ""generator"": ""ngen"", ""lanes"": 4, ""pe"": 2, ""profile"": ""baseline"", ""radix"": 4, ""reduction"": ""shoup"", ""stage_groups"": 2}"
full-byte-d45976a4d7d53007,full-byte,screened,,"NTT streamed, L4, R8, G1, barrett, PE2",0,0,0,653290,5195520,106407,908,4236,2113,2,,a12a37a450271a45f488c50655a959076a14aabe27ca0e5bf115b670b7406b62,False,"{""arithmetic"": ""rns"", ""backend"": ""streamed"", ""generator"": ""ngen"", ""lanes"": 4, ""pe"": 2, ""profile"": ""baseline"", ""radix"": 8, ""reduction"": ""barrett"", ""stage_groups"": 1}"
full-byte-b9bfd6d607eca080,full-byte,screened,,"NTT streamed, L4, R8, G1, montgomery, PE2",0,0,0,651778,5195520,104979,908,4236,2113,2,,b755270fdc021f9110f429c652309dda2cb97f43f3599fc39228366fba3d7fb2,False,"{""arithmetic"": ""rns"", ""backend"": ""streamed"", ""generator"": ""ngen"", ""lanes"": 4, ""pe"": 2, ""profile"": ""baseline"", ""radix"": 8, ""reduction"": ""montgomery"", ""stage_groups"": 1}"
full-byte-dda41e94c0cde429,full-byte,screened,,"NTT streamed, L4, R8, G1, shoup, PE2",0,0,0,651778,5195520,104967,908,4236,2113,2,,6330a097eefb9e197f590a6adc5622cada1a0ccf70030c5078b0e9b8bf0a64b7,True,"{""arithmetic"": ""rns"", ""backend"": ""streamed"", ""generator"": ""ngen"", ""lanes"": 4, ""pe"": 2, ""profile"": ""baseline"", ""radix"": 8, ""reduction"": ""shoup"", ""stage_groups"": 1}"
full-byte-43c98198251b02e0-unsupported-ffce9311,full-byte,unsupported,existing backend legality rules reject this combination,"NTT streamed, L4, R8, G2, barrett, PE2",0,,,,,,,,,,,,False,"{""arithmetic"": ""rns"", ""backend"": ""streamed"", ""generator"": ""ngen"", ""lanes"": 4, ""pe"": 2, ""profile"": ""baseline"", ""radix"": 8, ""reduction"": ""barrett"", ""stage_groups"": 2}"
full-byte-1da5422b70b3d129-unsupported-bcb17191,full-byte,unsupported,existing backend legality rules reject this combination,"NTT streamed, L4, R8, G2, montgomery, PE2",0,,,,,,,,,,,,False,"{""arithmetic"": ""rns"", ""backend"": ""streamed"", ""generator"": ""ngen"", ""lanes"": 4, ""pe"": 2, ""profile"": ""baseline"", ""radix"": 8, ""reduction"": ""montgomery"", ""stage_groups"": 2}"
full-byte-d26e0691dd3e6c93-unsupported-bfdceae9,full-byte,unsupported,existing backend legality rules reject this combination,"NTT streamed, L4, R8, G2, shoup, PE2",0,,,,,,,,,,,,False,"{""arithmetic"": ""rns"", ""backend"": ""streamed"", ""generator"": ""ngen"", ""lanes"": 4, ""pe"": 2, ""profile"": ""baseline"", ""radix"": 8, ""reduction"": ""shoup"", ""stage_groups"": 2}"
full-byte-9f24fe4a08fbae6c,full-byte,screened,,"NTT stage-parallel, L2, R2, G1, barrett",0,0,0,520618,460800,99591,41600,1818,521,2,,8fd8da2d25606d30b573bc3a098c3f540acc176cb222fd1053f945aa1cfb916a,False,"{""arithmetic"": ""rns"", ""backend"": ""stage-parallel"", ""generator"": ""ngen"", ""lanes"": 2, ""profile"": ""baseline"", ""radix"": 2, ""reduction"": ""barrett"", ""stage_groups"": 1}"
full-byte-6a42a74358a7d607,full-byte,screened,,"NTT stage-parallel, L2, R2, G1, montgomery",0,0,0,437626,460800,99591,41636,1818,521,2,,ed82601066441ae692797e6945a534d7ce79aed1dfe469608825e2e8ad512dca,True,"{""arithmetic"": ""rns"", ""backend"": ""stage-parallel"", ""generator"": ""ngen"", ""lanes"": 2, ""profile"": ""baseline"", ""radix"": 2, ""reduction"": ""montgomery"", ""stage_groups"": 1}"
full-byte-77385461a40f5149,full-byte,screened,,"NTT stage-parallel, L2, R2, G1, shoup",0,0,0,440590,460800,99591,41600,1818,521,2,,ea8a103b9a425156e59cf7d94786590e1302da4145f009d2d82b7bdb44f72a1d,True,"{""arithmetic"": ""rns"", ""backend"": ""stage-parallel"", ""generator"": ""ngen"", ""lanes"": 2, ""profile"": ""baseline"", ""radix"": 2, ""reduction"": ""shoup"", ""stage_groups"": 1}"
full-byte-17066e0d9c607717-unsupported-4978e050,full-byte,unsupported,existing backend legality rules reject this combination,"NTT stage-parallel, L2, R2, G2, barrett",0,,,,,,,,,,,,False,"{""arithmetic"": ""rns"", ""backend"": ""stage-parallel"", ""generator"": ""ngen"", ""lanes"": 2, ""profile"": ""baseline"", ""radix"": 2, ""reduction"": ""barrett"", ""stage_groups"": 2}"
full-byte-0c0304431e876595-unsupported-6f3229ec,full-byte,unsupported,existing backend legality rules reject this combination,"NTT stage-parallel, L2, R2, G2, montgomery",0,,,,,,,,,,,,False,"{""arithmetic"": ""rns"", ""backend"": ""stage-parallel"", ""generator"": ""ngen"", ""lanes"": 2, ""profile"": ""baseline"", ""radix"": 2, ""reduction"": ""montgomery"", ""stage_groups"": 2}"
full-byte-14161036413e472a-unsupported-510ec58a,full-byte,unsupported,existing backend legality rules reject this combination,"NTT stage-parallel, L2, R2, G2, shoup",0,,,,,,,,,,,,False,"{""arithmetic"": ""rns"", ""backend"": ""stage-parallel"", ""generator"": ""ngen"", ""lanes"": 2, ""profile"": ""baseline"", ""radix"": 2, ""reduction"": ""shoup"", ""stage_groups"": 2}"
full-byte-43499b2cea3efd98-unsupported-1dded283,full-byte,unsupported,existing backend legality rules reject this combination,"NTT stage-parallel, L2, R4, G1, barrett",0,,,,,,,,,,,,False,"{""arithmetic"": ""rns"", ""backend"": ""stage-parallel"", ""generator"": ""ngen"", ""lanes"": 2, ""profile"": ""baseline"", ""radix"": 4, ""reduction"": ""barrett"", ""stage_groups"": 1}"
full-byte-7873605e51aa2cbf-unsupported-c7380c40,full-byte,unsupported,existing backend legality rules reject this combination,"NTT stage-parallel, L2, R4, G1, montgomery",0,,,,,,,,,,,,False,"{""arithmetic"": ""rns"", ""backend"": ""stage-parallel"", ""generator"": ""ngen"", ""lanes"": 2, ""profile"": ""baseline"", ""radix"": 4, ""reduction"": ""montgomery"", ""stage_groups"": 1}"
full-byte-2d76bd46d4277a58-unsupported-e442fcbf,full-byte,unsupported,existing backend legality rules reject this combination,"NTT stage-parallel, L2, R4, G1, shoup",0,,,,,,,,,,,,False,"{""arithmetic"": ""rns"", ""backend"": ""stage-parallel"", ""generator"": ""ngen"", ""lanes"": 2, ""profile"": ""baseline"", ""radix"": 4, ""reduction"": ""shoup"", ""stage_groups"": 1}"
full-byte-1f72632516cdd325-unsupported-05a09114,full-byte,unsupported,existing backend legality rules reject this combination,"NTT stage-parallel, L2, R4, G2, barrett",0,,,,,,,,,,,,False,"{""arithmetic"": ""rns"", ""backend"": ""stage-parallel"", ""generator"": ""ngen"", ""lanes"": 2, ""profile"": ""baseline"", ""radix"": 4, ""reduction"": ""barrett"", ""stage_groups"": 2}"
full-byte-783ab258fd24f239-unsupported-17a3b779,full-byte,unsupported,existing backend legality rules reject this combination,"NTT stage-parallel, L2, R4, G2, montgomery",0,,,,,,,,,,,,False,"{""arithmetic"": ""rns"", ""backend"": ""stage-parallel"", ""generator"": ""ngen"", ""lanes"": 2, ""profile"": ""baseline"", ""radix"": 4, ""reduction"": ""montgomery"", ""stage_groups"": 2}"
full-byte-052a78aff68e644e-unsupported-1d7765ad,full-byte,unsupported,existing backend legality rules reject this combination,"NTT stage-parallel, L2, R4, G2, shoup",0,,,,,,,,,,,,False,"{""arithmetic"": ""rns"", ""backend"": ""stage-parallel"", ""generator"": ""ngen"", ""lanes"": 2, ""profile"": ""baseline"", ""radix"": 4, ""reduction"": ""shoup"", ""stage_groups"": 2}"
full-byte-bf1432cacc219e41-unsupported-42a17ffc,full-byte,unsupported,existing backend legality rules reject this combination,"NTT stage-parallel, L2, R8, G1, barrett",0,,,,,,,,,,,,False,"{""arithmetic"": ""rns"", ""backend"": ""stage-parallel"", ""generator"": ""ngen"", ""lanes"": 2, ""profile"": ""baseline"", ""radix"": 8, ""reduction"": ""barrett"", ""stage_groups"": 1}"
full-byte-7e4fc5b92ce42152-unsupported-7a3c96a9,full-byte,unsupported,existing backend legality rules reject this combination,"NTT stage-parallel, L2, R8, G1, montgomery",0,,,,,,,,,,,,False,"{""arithmetic"": ""rns"", ""backend"": ""stage-parallel"", ""generator"": ""ngen"", ""lanes"": 2, ""profile"": ""baseline"", ""radix"": 8, ""reduction"": ""montgomery"", ""stage_groups"": 1}"
full-byte-c4ec0a069b9053dd-unsupported-667f58e9,full-byte,unsupported,existing backend legality rules reject this combination,"NTT stage-parallel, L2, R8, G1, shoup",0,,,,,,,,,,,,False,"{""arithmetic"": ""rns"", ""backend"": ""stage-parallel"", ""generator"": ""ngen"", ""lanes"": 2, ""profile"": ""baseline"", ""radix"": 8, ""reduction"": ""shoup"", ""stage_groups"": 1}"
full-byte-3156f1904fef5c62-unsupported-ca44a05b,full-byte,unsupported,existing backend legality rules reject this combination,"NTT stage-parallel, L2, R8, G2, barrett",0,,,,,,,,,,,,False,"{""arithmetic"": ""rns"", ""backend"": ""stage-parallel"", ""generator"": ""ngen"", ""lanes"": 2, ""profile"": ""baseline"", ""radix"": 8, ""reduction"": ""barrett"", ""stage_groups"": 2}"
full-byte-74396973a097994e-unsupported-e498248a,full-byte,unsupported,existing backend legality rules reject this combination,"NTT stage-parallel, L2, R8, G2, montgomery",0,,,,,,,,,,,,False,"{""arithmetic"": ""rns"", ""backend"": ""stage-parallel"", ""generator"": ""ngen"", ""lanes"": 2, ""profile"": ""baseline"", ""radix"": 8, ""reduction"": ""montgomery"", ""stage_groups"": 2}"
full-byte-0c88788100cb36a2-unsupported-d8784747,full-byte,unsupported,existing backend legality rules reject this combination,"NTT stage-parallel, L2, R8, G2, shoup",0,,,,,,,,,,,,False,"{""arithmetic"": ""rns"", ""backend"": ""stage-parallel"", ""generator"": ""ngen"", ""lanes"": 2, ""profile"": ""baseline"", ""radix"": 8, ""reduction"": ""shoup"", ""stage_groups"": 2}"
full-byte-9f24fe4a08fbae6c-unsupported-f7cb8a35,full-byte,unsupported,existing backend legality rules reject this combination,"NTT stage-parallel, L2, R2, G1, barrett",0,,,,,,,,,,,,False,"{""arithmetic"": ""rns"", ""backend"": ""stage-parallel"", ""generator"": ""ngen"", ""lanes"": 2, ""profile"": ""baseline"", ""radix"": 2, ""reduction"": ""barrett"", ""stage_groups"": 1}"
full-byte-6a42a74358a7d607-unsupported-9cb58447,full-byte,unsupported,existing backend legality rules reject this combination,"NTT stage-parallel, L2, R2, G1, montgomery",0,,,,,,,,,,,,False,"{""arithmetic"": ""rns"", ""backend"": ""stage-parallel"", ""generator"": ""ngen"", ""lanes"": 2, ""profile"": ""baseline"", ""radix"": 2, ""reduction"": ""montgomery"", ""stage_groups"": 1}"
full-byte-77385461a40f5149-unsupported-7c184b76,full-byte,unsupported,existing backend legality rules reject this combination,"NTT stage-parallel, L2, R2, G1, shoup",0,,,,,,,,,,,,False,"{""arithmetic"": ""rns"", ""backend"": ""stage-parallel"", ""generator"": ""ngen"", ""lanes"": 2, ""profile"": ""baseline"", ""radix"": 2, ""reduction"": ""shoup"", ""stage_groups"": 1}"
full-byte-17066e0d9c607717-unsupported-d30fefb2,full-byte,unsupported,existing backend legality rules reject this combination,"NTT stage-parallel, L2, R2, G2, barrett",0,,,,,,,,,,,,False,"{""arithmetic"": ""rns"", ""backend"": ""stage-parallel"", ""generator"": ""ngen"", ""lanes"": 2, ""profile"": ""baseline"", ""radix"": 2, ""reduction"": ""barrett"", ""stage_groups"": 2}"
full-byte-0c0304431e876595-unsupported-50dac5ce,full-byte,unsupported,existing backend legality rules reject this combination,"NTT stage-parallel, L2, R2, G2, montgomery",0,,,,,,,,,,,,False,"{""arithmetic"": ""rns"", ""backend"": ""stage-parallel"", ""generator"": ""ngen"", ""lanes"": 2, ""profile"": ""baseline"", ""radix"": 2, ""reduction"": ""montgomery"", ""stage_groups"": 2}"
full-byte-14161036413e472a-unsupported-7063be0f,full-byte,unsupported,existing backend legality rules reject this combination,"NTT stage-parallel, L2, R2, G2, shoup",0,,,,,,,,,,,,False,"{""arithmetic"": ""rns"", ""backend"": ""stage-parallel"", ""generator"": ""ngen"", ""lanes"": 2, ""profile"": ""baseline"", ""radix"": 2, ""reduction"": ""shoup"", ""stage_groups"": 2}"
full-byte-43499b2cea3efd98-unsupported-b278c7d0,full-byte,unsupported,existing backend legality rules reject this combination,"NTT stage-parallel, L2, R4, G1, barrett",0,,,,,,,,,,,,False,"{""arithmetic"": ""rns"", ""backend"": ""stage-parallel"", ""generator"": ""ngen"", ""lanes"": 2, ""profile"": ""baseline"", ""radix"": 4, ""reduction"": ""barrett"", ""stage_groups"": 1}"
full-byte-7873605e51aa2cbf-unsupported-8149119c,full-byte,unsupported,existing backend legality rules reject this combination,"NTT stage-parallel, L2, R4, G1, montgomery",0,,,,,,,,,,,,False,"{""arithmetic"": ""rns"", ""backend"": ""stage-parallel"", ""generator"": ""ngen"", ""lanes"": 2, ""profile"": ""baseline"", ""radix"": 4, ""reduction"": ""montgomery"", ""stage_groups"": 1}"
full-byte-2d76bd46d4277a58-unsupported-0f46a57a,full-byte,unsupported,existing backend legality rules reject this combination,"NTT stage-parallel, L2, R4, G1, shoup",0,,,,,,,,,,,,False,"{""arithmetic"": ""rns"", ""backend"": ""stage-parallel"", ""generator"": ""ngen"", ""lanes"": 2, ""profile"": ""baseline"", ""radix"": 4, ""reduction"": ""shoup"", ""stage_groups"": 1}"
full-byte-1f72632516cdd325-unsupported-2fa9bb65,full-byte,unsupported,existing backend legality rules reject this combination,"NTT stage-parallel, L2, R4, G2, barrett",0,,,,,,,,,,,,False,"{""arithmetic"": ""rns"", ""backend"": ""stage-parallel"", ""generator"": ""ngen"", ""lanes"": 2, ""profile"": ""baseline"", ""radix"": 4, ""reduction"": ""barrett"", ""stage_groups"": 2}"
full-byte-783ab258fd24f239-unsupported-572cba09,full-byte,unsupported,existing backend legality rules reject this combination,"NTT stage-parallel, L2, R4, G2, montgomery",0,,,,,,,,,,,,False,"{""arithmetic"": ""rns"", ""backend"": ""stage-parallel"", ""generator"": ""ngen"", ""lanes"": 2, ""profile"": ""baseline"", ""radix"": 4, ""reduction"": ""montgomery"", ""stage_groups"": 2}"
full-byte-052a78aff68e644e-unsupported-a0e517a6,full-byte,unsupported,existing backend legality rules reject this combination,"NTT stage-parallel, L2, R4, G2, shoup",0,,,,,,,,,,,,False,"{""arithmetic"": ""rns"", ""backend"": ""stage-parallel"", ""generator"": ""ngen"", ""lanes"": 2, ""profile"": ""baseline"", ""radix"": 4, ""reduction"": ""shoup"", ""stage_groups"": 2}"
full-byte-bf1432cacc219e41-unsupported-189677a3,full-byte,unsupported,existing backend legality rules reject this combination,"NTT stage-parallel, L2, R8, G1, barrett",0,,,,,,,,,,,,False,"{""arithmetic"": ""rns"", ""backend"": ""stage-parallel"", ""generator"": ""ngen"", ""lanes"": 2, ""profile"": ""baseline"", ""radix"": 8, ""reduction"": ""barrett"", ""stage_groups"": 1}"
full-byte-7e4fc5b92ce42152-unsupported-9e0aca13,full-byte,unsupported,existing backend legality rules reject this combination,"NTT stage-parallel, L2, R8, G1, montgomery",0,,,,,,,,,,,,False,"{""arithmetic"": ""rns"", ""backend"": ""stage-parallel"", ""generator"": ""ngen"", ""lanes"": 2, ""profile"": ""baseline"", ""radix"": 8, ""reduction"": ""montgomery"", ""stage_groups"": 1}"
full-byte-c4ec0a069b9053dd-unsupported-e377f0d1,full-byte,unsupported,existing backend legality rules reject this combination,"NTT stage-parallel, L2, R8, G1, shoup",0,,,,,,,,,,,,False,"{""arithmetic"": ""rns"", ""backend"": ""stage-parallel"", ""generator"": ""ngen"", ""lanes"": 2, ""profile"": ""baseline"", ""radix"": 8, ""reduction"": ""shoup"", ""stage_groups"": 1}"
full-byte-3156f1904fef5c62-unsupported-1276c3e0,full-byte,unsupported,existing backend legality rules reject this combination,"NTT stage-parallel, L2, R8, G2, barrett",0,,,,,,,,,,,,False,"{""arithmetic"": ""rns"", ""backend"": ""stage-parallel"", ""generator"": ""ngen"", ""lanes"": 2, ""profile"": ""baseline"", ""radix"": 8, ""reduction"": ""barrett"", ""stage_groups"": 2}"
full-byte-74396973a097994e-unsupported-836bba0b,full-byte,unsupported,existing backend legality rules reject this combination,"NTT stage-parallel, L2, R8, G2, montgomery",0,,,,,,,,,,,,False,"{""arithmetic"": ""rns"", ""backend"": ""stage-parallel"", ""generator"": ""ngen"", ""lanes"": 2, ""profile"": ""baseline"", ""radix"": 8, ""reduction"": ""montgomery"", ""stage_groups"": 2}"
full-byte-0c88788100cb36a2-unsupported-0b7c7701,full-byte,unsupported,existing backend legality rules reject this combination,"NTT stage-parallel, L2, R8, G2, shoup",0,,,,,,,,,,,,False,"{""arithmetic"": ""rns"", ""backend"": ""stage-parallel"", ""generator"": ""ngen"", ""lanes"": 2, ""profile"": ""baseline"", ""radix"": 8, ""reduction"": ""shoup"", ""stage_groups"": 2}"
full-byte-99525a55e8ba157d,full-byte,screened,,"NTT stage-parallel, L4, R2, G1, barrett",0,0,0,521392,460800,101241,41768,1306,256,2,,e6d0155c98e91c02be890ffa315a5b013c19d8d184d242c1fb2e23c752c1c6ef,False,"{""arithmetic"": ""rns"", ""backend"": ""stage-parallel"", ""generator"": ""ngen"", ""lanes"": 4, ""profile"": ""baseline"", ""radix"": 2, ""reduction"": ""barrett"", ""stage_groups"": 1}"
full-byte-71d6da58bdeaadd5,full-byte,screened,,"NTT stage-parallel, L4, R2, G1, montgomery",0,0,0,438352,460800,101241,41840,1306,256,2,,23aca157f1bfefaae4fc237eb9a9412bfb457b055f7d0c728524139a0d290429,True,"{""arithmetic"": ""rns"", ""backend"": ""stage-parallel"", ""generator"": ""ngen"", ""lanes"": 4, ""profile"": ""baseline"", ""radix"": 2, ""reduction"": ""montgomery"", ""stage_groups"": 1}"
full-byte-530dad86b276d3eb,full-byte,screened,,"NTT stage-parallel, L4, R2, G1, shoup",0,0,0,441208,460800,101241,41768,1306,256,2,,5928a453a9501a82b5a782e4be4cda72eb57ee19d6757442abe88478ec432407,True,"{""arithmetic"": ""rns"", ""backend"": ""stage-parallel"", ""generator"": ""ngen"", ""lanes"": 4, ""profile"": ""baseline"", ""radix"": 2, ""reduction"": ""shoup"", ""stage_groups"": 1}"
full-byte-dd19cb744acfb9db-unsupported-f4fef344,full-byte,unsupported,existing backend legality rules reject this combination,"NTT stage-parallel, L4, R2, G2, barrett",0,,,,,,,,,,,,False,"{""arithmetic"": ""rns"", ""backend"": ""stage-parallel"", ""generator"": ""ngen"", ""lanes"": 4, ""profile"": ""baseline"", ""radix"": 2, ""reduction"": ""barrett"", ""stage_groups"": 2}"
full-byte-0d733bab8c21ef5b-unsupported-c3bbfcad,full-byte,unsupported,existing backend legality rules reject this combination,"NTT stage-parallel, L4, R2, G2, montgomery",0,,,,,,,,,,,,False,"{""arithmetic"": ""rns"", ""backend"": ""stage-parallel"", ""generator"": ""ngen"", ""lanes"": 4, ""profile"": ""baseline"", ""radix"": 2, ""reduction"": ""montgomery"", ""stage_groups"": 2}"
full-byte-fb083b07e9d43336-unsupported-1fa52e0e,full-byte,unsupported,existing backend legality rules reject this combination,"NTT stage-parallel, L4, R2, G2, shoup",0,,,,,,,,,,,,False,"{""arithmetic"": ""rns"", ""backend"": ""stage-parallel"", ""generator"": ""ngen"", ""lanes"": 4, ""profile"": ""baseline"", ""radix"": 2, ""reduction"": ""shoup"", ""stage_groups"": 2}"
full-byte-4d752fd8556ef9d4-unsupported-b2dac0d8,full-byte,unsupported,existing backend legality rules reject this combination,"NTT stage-parallel, L4, R4, G1, barrett",0,,,,,,,,,,,,False,"{""arithmetic"": ""rns"", ""backend"": ""stage-parallel"", ""generator"": ""ngen"", ""lanes"": 4, ""profile"": ""baseline"", ""radix"": 4, ""reduction"": ""barrett"", ""stage_groups"": 1}"
full-byte-99b0e1d23befb9da-unsupported-11a96a3a,full-byte,unsupported,existing backend legality rules reject this combination,"NTT stage-parallel, L4, R4, G1, montgomery",0,,,,,,,,,,,,False,"{""arithmetic"": ""rns"", ""backend"": ""stage-parallel"", ""generator"": ""ngen"", ""lanes"": 4, ""profile"": ""baseline"", ""radix"": 4, ""reduction"": ""montgomery"", ""stage_groups"": 1}"
full-byte-c14db13153a5a746-unsupported-060d2637,full-byte,unsupported,existing backend legality rules reject this combination,"NTT stage-parallel, L4, R4, G1, shoup",0,,,,,,,,,,,,False,"{""arithmetic"": ""rns"", ""backend"": ""stage-parallel"", ""generator"": ""ngen"", ""lanes"": 4, ""profile"": ""baseline"", ""radix"": 4, ""reduction"": ""shoup"", ""stage_groups"": 1}"
full-byte-ac540874162e8208-unsupported-a30c6442,full-byte,unsupported,existing backend legality rules reject this combination,"NTT stage-parallel, L4, R4, G2, barrett",0,,,,,,,,,,,,False,"{""arithmetic"": ""rns"", ""backend"": ""stage-parallel"", ""generator"": ""ngen"", ""lanes"": 4, ""profile"": ""baseline"", ""radix"": 4, ""reduction"": ""barrett"", ""stage_groups"": 2}"
full-byte-ec71f3aa969a4f7e-unsupported-f2f52a9c,full-byte,unsupported,existing backend legality rules reject this combination,"NTT stage-parallel, L4, R4, G2, montgomery",0,,,,,,,,,,,,False,"{""arithmetic"": ""rns"", ""backend"": ""stage-parallel"", ""generator"": ""ngen"", ""lanes"": 4, ""profile"": ""baseline"", ""radix"": 4, ""reduction"": ""montgomery"", ""stage_groups"": 2}"
full-byte-82b73ae76840680b-unsupported-05388be9,full-byte,unsupported,existing backend legality rules reject this combination,"NTT stage-parallel, L4, R4, G2, shoup",0,,,,,,,,,,,,False,"{""arithmetic"": ""rns"", ""backend"": ""stage-parallel"", ""generator"": ""ngen"", ""lanes"": 4, ""profile"": ""baseline"", ""radix"": 4, ""reduction"": ""shoup"", ""stage_groups"": 2}"
full-byte-ec19d5b1ce2f1a5a-unsupported-5190ffa8,full-byte,unsupported,existing backend legality rules reject this combination,"NTT stage-parallel, L4, R8, G1, barrett",0,,,,,,,,,,,,False,"{""arithmetic"": ""rns"", ""backend"": ""stage-parallel"", ""generator"": ""ngen"", ""lanes"": 4, ""profile"": ""baseline"", ""radix"": 8, ""reduction"": ""barrett"", ""stage_groups"": 1}"
full-byte-b56d050834524cdd-unsupported-39bc9c44,full-byte,unsupported,existing backend legality rules reject this combination,"NTT stage-parallel, L4, R8, G1, montgomery",0,,,,,,,,,,,,False,"{""arithmetic"": ""rns"", ""backend"": ""stage-parallel"", ""generator"": ""ngen"", ""lanes"": 4, ""profile"": ""baseline"", ""radix"": 8, ""reduction"": ""montgomery"", ""stage_groups"": 1}"
full-byte-05533d22506da3c6-unsupported-9ba9b035,full-byte,unsupported,existing backend legality rules reject this combination,"NTT stage-parallel, L4, R8, G1, shoup",0,,,,,,,,,,,,False,"{""arithmetic"": ""rns"", ""backend"": ""stage-parallel"", ""generator"": ""ngen"", ""lanes"": 4, ""profile"": ""baseline"", ""radix"": 8, ""reduction"": ""shoup"", ""stage_groups"": 1}"
full-byte-65947a4811c012f8-unsupported-8d82e204,full-byte,unsupported,existing backend legality rules reject this combination,"NTT stage-parallel, L4, R8, G2, barrett",0,,,,,,,,,,,,False,"{""arithmetic"": ""rns"", ""backend"": ""stage-parallel"", ""generator"": ""ngen"", ""lanes"": 4, ""profile"": ""baseline"", ""radix"": 8, ""reduction"": ""barrett"", ""stage_groups"": 2}"
full-byte-be205b55eb2d3d1b-unsupported-eaaa3c2b,full-byte,unsupported,existing backend legality rules reject this combination,"NTT stage-parallel, L4, R8, G2, montgomery",0,,,,,,,,,,,,False,"{""arithmetic"": ""rns"", ""backend"": ""stage-parallel"", ""generator"": ""ngen"", ""lanes"": 4, ""profile"": ""baseline"", ""radix"": 8, ""reduction"": ""montgomery"", ""stage_groups"": 2}"
full-byte-c5aba014a6a070f7-unsupported-be3cfb75,full-byte,unsupported,existing backend legality rules reject this combination,"NTT stage-parallel, L4, R8, G2, shoup",0,,,,,,,,,,,,False,"{""arithmetic"": ""rns"", ""backend"": ""stage-parallel"", ""generator"": ""ngen"", ""lanes"": 4, ""profile"": ""baseline"", ""radix"": 8, ""reduction"": ""shoup"", ""stage_groups"": 2}"
full-byte-99525a55e8ba157d-unsupported-a0719124,full-byte,unsupported,existing backend legality rules reject this combination,"NTT stage-parallel, L4, R2, G1, barrett",0,,,,,,,,,,,,False,"{""arithmetic"": ""rns"", ""backend"": ""stage-parallel"", ""generator"": ""ngen"", ""lanes"": 4, ""profile"": ""baseline"", ""radix"": 2, ""reduction"": ""barrett"", ""stage_groups"": 1}"
full-byte-71d6da58bdeaadd5-unsupported-5445611c,full-byte,unsupported,existing backend legality rules reject this combination,"NTT stage-parallel, L4, R2, G1, montgomery",0,,,,,,,,,,,,False,"{""arithmetic"": ""rns"", ""backend"": ""stage-parallel"", ""generator"": ""ngen"", ""lanes"": 4, ""profile"": ""baseline"", ""radix"": 2, ""reduction"": ""montgomery"", ""stage_groups"": 1}"
full-byte-530dad86b276d3eb-unsupported-8ba3b1d7,full-byte,unsupported,existing backend legality rules reject this combination,"NTT stage-parallel, L4, R2, G1, shoup",0,,,,,,,,,,,,False,"{""arithmetic"": ""rns"", ""backend"": ""stage-parallel"", ""generator"": ""ngen"", ""lanes"": 4, ""profile"": ""baseline"", ""radix"": 2, ""reduction"": ""shoup"", ""stage_groups"": 1}"
full-byte-dd19cb744acfb9db-unsupported-2c63fc6d,full-byte,unsupported,existing backend legality rules reject this combination,"NTT stage-parallel, L4, R2, G2, barrett",0,,,,,,,,,,,,False,"{""arithmetic"": ""rns"", ""backend"": ""stage-parallel"", ""generator"": ""ngen"", ""lanes"": 4, ""profile"": ""baseline"", ""radix"": 2, ""reduction"": ""barrett"", ""stage_groups"": 2}"
full-byte-0d733bab8c21ef5b-unsupported-b5b25665,full-byte,unsupported,existing backend legality rules reject this combination,"NTT stage-parallel, L4, R2, G2, montgomery",0,,,,,,,,,,,,False,"{""arithmetic"": ""rns"", ""backend"": ""stage-parallel"", ""generator"": ""ngen"", ""lanes"": 4, ""profile"": ""baseline"", ""radix"": 2, ""reduction"": ""montgomery"", ""stage_groups"": 2}"
full-byte-fb083b07e9d43336-unsupported-b4126a10,full-byte,unsupported,existing backend legality rules reject this combination,"NTT stage-parallel, L4, R2, G2, shoup",0,,,,,,,,,,,,False,"{""arithmetic"": ""rns"", ""backend"": ""stage-parallel"", ""generator"": ""ngen"", ""lanes"": 4, ""profile"": ""baseline"", ""radix"": 2, ""reduction"": ""shoup"", ""stage_groups"": 2}"
full-byte-4d752fd8556ef9d4-unsupported-a905be5d,full-byte,unsupported,existing backend legality rules reject this combination,"NTT stage-parallel, L4, R4, G1, barrett",0,,,,,,,,,,,,False,"{""arithmetic"": ""rns"", ""backend"": ""stage-parallel"", ""generator"": ""ngen"", ""lanes"": 4, ""profile"": ""baseline"", ""radix"": 4, ""reduction"": ""barrett"", ""stage_groups"": 1}"
full-byte-99b0e1d23befb9da-unsupported-a62aacce,full-byte,unsupported,existing backend legality rules reject this combination,"NTT stage-parallel, L4, R4, G1, montgomery",0,,,,,,,,,,,,False,"{""arithmetic"": ""rns"", ""backend"": ""stage-parallel"", ""generator"": ""ngen"", ""lanes"": 4, ""profile"": ""baseline"", ""radix"": 4, ""reduction"": ""montgomery"", ""stage_groups"": 1}"
full-byte-c14db13153a5a746-unsupported-a321d922,full-byte,unsupported,existing backend legality rules reject this combination,"NTT stage-parallel, L4, R4, G1, shoup",0,,,,,,,,,,,,False,"{""arithmetic"": ""rns"", ""backend"": ""stage-parallel"", ""generator"": ""ngen"", ""lanes"": 4, ""profile"": ""baseline"", ""radix"": 4, ""reduction"": ""shoup"", ""stage_groups"": 1}"
full-byte-ac540874162e8208-unsupported-e9fba112,full-byte,unsupported,existing backend legality rules reject this combination,"NTT stage-parallel, L4, R4, G2, barrett",0,,,,,,,,,,,,False,"{""arithmetic"": ""rns"", ""backend"": ""stage-parallel"", ""generator"": ""ngen"", ""lanes"": 4, ""profile"": ""baseline"", ""radix"": 4, ""reduction"": ""barrett"", ""stage_groups"": 2}"
full-byte-ec71f3aa969a4f7e-unsupported-8ad3914c,full-byte,unsupported,existing backend legality rules reject this combination,"NTT stage-parallel, L4, R4, G2, montgomery",0,,,,,,,,,,,,False,"{""arithmetic"": ""rns"", ""backend"": ""stage-parallel"", ""generator"": ""ngen"", ""lanes"": 4, ""profile"": ""baseline"", ""radix"": 4, ""reduction"": ""montgomery"", ""stage_groups"": 2}"
full-byte-82b73ae76840680b-unsupported-065cd00a,full-byte,unsupported,existing backend legality rules reject this combination,"NTT stage-parallel, L4, R4, G2, shoup",0,,,,,,,,,,,,False,"{""arithmetic"": ""rns"", ""backend"": ""stage-parallel"", ""generator"": ""ngen"", ""lanes"": 4, ""profile"": ""baseline"", ""radix"": 4, ""reduction"": ""shoup"", ""stage_groups"": 2}"
full-byte-ec19d5b1ce2f1a5a-unsupported-9a7f9a1a,full-byte,unsupported,existing backend legality rules reject this combination,"NTT stage-parallel, L4, R8, G1, barrett",0,,,,,,,,,,,,False,"{""arithmetic"": ""rns"", ""backend"": ""stage-parallel"", ""generator"": ""ngen"", ""lanes"": 4, ""profile"": ""baseline"", ""radix"": 8, ""reduction"": ""barrett"", ""stage_groups"": 1}"
full-byte-b56d050834524cdd-unsupported-cb7964b5,full-byte,unsupported,existing backend legality rules reject this combination,"NTT stage-parallel, L4, R8, G1, montgomery",0,,,,,,,,,,,,False,"{""arithmetic"": ""rns"", ""backend"": ""stage-parallel"", ""generator"": ""ngen"", ""lanes"": 4, ""profile"": ""baseline"", ""radix"": 8, ""reduction"": ""montgomery"", ""stage_groups"": 1}"
full-byte-05533d22506da3c6-unsupported-0e7b89ff,full-byte,unsupported,existing backend legality rules reject this combination,"NTT stage-parallel, L4, R8, G1, shoup",0,,,,,,,,,,,,False,"{""arithmetic"": ""rns"", ""backend"": ""stage-parallel"", ""generator"": ""ngen"", ""lanes"": 4, ""profile"": ""baseline"", ""radix"": 8, ""reduction"": ""shoup"", ""stage_groups"": 1}"
full-byte-65947a4811c012f8-unsupported-a5700027,full-byte,unsupported,existing backend legality rules reject this combination,"NTT stage-parallel, L4, R8, G2, barrett",0,,,,,,,,,,,,False,"{""arithmetic"": ""rns"", ""backend"": ""stage-parallel"", ""generator"": ""ngen"", ""lanes"": 4, ""profile"": ""baseline"", ""radix"": 8, ""reduction"": ""barrett"", ""stage_groups"": 2}"
full-byte-be205b55eb2d3d1b-unsupported-ab75b972,full-byte,unsupported,existing backend legality rules reject this combination,"NTT stage-parallel, L4, R8, G2, montgomery",0,,,,,,,,,,,,False,"{""arithmetic"": ""rns"", ""backend"": ""stage-parallel"", ""generator"": ""ngen"", ""lanes"": 4, ""profile"": ""baseline"", ""radix"": 8, ""reduction"": ""montgomery"", ""stage_groups"": 2}"
full-byte-c5aba014a6a070f7-unsupported-d58a1225,full-byte,unsupported,existing backend legality rules reject this combination,"NTT stage-parallel, L4, R8, G2, shoup",0,,,,,,,,,,,,False,"{""arithmetic"": ""rns"", ""backend"": ""stage-parallel"", ""generator"": ""ngen"", ""lanes"": 4, ""profile"": ""baseline"", ""radix"": 8, ""reduction"": ""shoup"", ""stage_groups"": 2}"
full-byte-fft-round-q4,full-byte,screened,,"FFT compact, L2, f30, omit0, round4",4,8,8,48384,2957424,294635,74,216934,211067,,15,6ddee7bb53c64bc6c3f7ac47df2d88b8413f4807b067ebc2ea594ee607779844,False,"{""arithmetic"": ""split-radix16"", ""backend"": ""compact"", ""fractional_bits"": 30, ""generator"": ""sgen"", ""guard_bits"": 0, ""integer_bits"": 41, ""lanes"": 2, ""radix"": 2}"
full-byte-fft-round-q8,full-byte,screened,,"FFT compact, L2, f30, omit0, round8",8,128,128,48384,2957424,294635,74,216934,211067,,15,6592f9a9580148db681eba268a119d3ee26cec5be4bac98c5665a24e86d9883a,False,"{""arithmetic"": ""split-radix16"", ""backend"": ""compact"", ""fractional_bits"": 30, ""generator"": ""sgen"", ""guard_bits"": 0, ""integer_bits"": 41, ""lanes"": 2, ""radix"": 2}"
full-ternary-36879e185250befb,full-ternary,screened,,"NTT streamed, L2, R2, G1, barrett, PE1",0,0,0,12682,1981012,17893,74,8067,3390,2,,a53fbe3f9c6bad4908bd08e597fddc936a3efb8eefabd4d89c6b3e54319aa3a2,False,"{""arithmetic"": ""rns"", ""backend"": ""streamed"", ""generator"": ""ngen"", ""lanes"": 2, ""pe"": 1, ""profile"": ""baseline"", ""radix"": 2, ""reduction"": ""barrett"", ""stage_groups"": 1}"
full-ternary-e4e4cfa11649c934,full-ternary,screened,,"NTT streamed, L2, R2, G1, barrett, PE1, round4",4,8,8,12685,1981012,17893,74,8067,3390,2,,3694829c7a909d642f6c2a9f058c703a022b69de7f1d3c1217b8f85987a46a58,False,"{""arithmetic"": ""rns"", ""backend"": ""streamed"", ""generator"": ""ngen"", ""lanes"": 2, ""pe"": 1, ""profile"": ""baseline"", ""radix"": 2, ""reduction"": ""barrett"", ""stage_groups"": 1}"
full-ternary-b5b3f49701f9f505,full-ternary,screened,,"NTT streamed, L2, R2, G1, barrett, PE1, round8",8,128,128,12685,1981012,17893,74,8067,3390,2,,4e9f2e213ba107ece2fa8758b86797fa31ed92dfc458ff4a811dad40d32fdf41,False,"{""arithmetic"": ""rns"", ""backend"": ""streamed"", ""generator"": ""ngen"", ""lanes"": 2, ""pe"": 1, ""profile"": ""baseline"", ""radix"": 2, ""reduction"": ""barrett"", ""stage_groups"": 1}"
full-ternary-4ced765b2b38b8d0,full-ternary,certificate-rejected,numerical or structural certificate rejected,"FFT compact, L2, f24, omit0",0,,,,,,,,,,8,,False,"{""arithmetic"": ""split-radix16"", ""backend"": ""compact"", ""fractional_bits"": 24, ""generator"": ""sgen"", ""guard_bits"": 0, ""integer_bits"": 41, ""lanes"": 2, ""radix"": 2}"
full-ternary-fb752bb0baac5bac,full-ternary,certificate-rejected,numerical or structural certificate rejected,"FFT compact, L2, f24, omit1",0,,,,,,,,,,7,,False,"{""arithmetic"": ""split-radix16"", ""backend"": ""compact"", ""fractional_bits"": 24, ""generator"": ""sgen"", ""guard_bits"": 0, ""integer_bits"": 41, ""lanes"": 2, ""omit_low_diagonals"": 1, ""radix"": 2}"
full-ternary-0b52731ec21e4431,full-ternary,certificate-rejected,numerical or structural certificate rejected,"FFT compact, L2, f24, omit2",0,,,,,,,,,,6,,False,"{""arithmetic"": ""split-radix16"", ""backend"": ""compact"", ""fractional_bits"": 24, ""generator"": ""sgen"", ""guard_bits"": 0, ""integer_bits"": 41, ""lanes"": 2, ""omit_low_diagonals"": 2, ""radix"": 2}"
full-ternary-682397da5cbac583,full-ternary,certificate-rejected,numerical or structural certificate rejected,"FFT compact, L2, f28, omit0",0,,,,,,,,,,8,,False,"{""arithmetic"": ""split-radix16"", ""backend"": ""compact"", ""fractional_bits"": 28, ""generator"": ""sgen"", ""guard_bits"": 0, ""integer_bits"": 41, ""lanes"": 2, ""radix"": 2}"
full-ternary-bda0271bc16468bc,full-ternary,certificate-rejected,numerical or structural certificate rejected,"FFT compact, L2, f28, omit1",0,,,,,,,,,,7,,False,"{""arithmetic"": ""split-radix16"", ""backend"": ""compact"", ""fractional_bits"": 28, ""generator"": ""sgen"", ""guard_bits"": 0, ""integer_bits"": 41, ""lanes"": 2, ""omit_low_diagonals"": 1, ""radix"": 2}"
full-ternary-097c753e67bfe590,full-ternary,certificate-rejected,numerical or structural certificate rejected,"FFT compact, L2, f28, omit2",0,,,,,,,,,,6,,False,"{""arithmetic"": ""split-radix16"", ""backend"": ""compact"", ""fractional_bits"": 28, ""generator"": ""sgen"", ""guard_bits"": 0, ""integer_bits"": 41, ""lanes"": 2, ""omit_low_diagonals"": 2, ""radix"": 2}"
full-ternary-0e540c7ef3d2cfc5,full-ternary,certificate-rejected,numerical or structural certificate rejected,"FFT compact, L2, f29, omit0",0,,,,,,,,,,8,,False,"{""arithmetic"": ""split-radix16"", ""backend"": ""compact"", ""fractional_bits"": 29, ""generator"": ""sgen"", ""guard_bits"": 0, ""integer_bits"": 41, ""lanes"": 2, ""radix"": 2}"
full-ternary-02d0f8394a088427,full-ternary,certificate-rejected,numerical or structural certificate rejected,"FFT compact, L2, f29, omit1",0,,,,,,,,,,7,,False,"{""arithmetic"": ""split-radix16"", ""backend"": ""compact"", ""fractional_bits"": 29, ""generator"": ""sgen"", ""guard_bits"": 0, ""integer_bits"": 41, ""lanes"": 2, ""omit_low_diagonals"": 1, ""radix"": 2}"
full-ternary-5ef4ffded8916204,full-ternary,certificate-rejected,numerical or structural certificate rejected,"FFT compact, L2, f29, omit2",0,,,,,,,,,,6,,False,"{""arithmetic"": ""split-radix16"", ""backend"": ""compact"", ""fractional_bits"": 29, ""generator"": ""sgen"", ""guard_bits"": 0, ""integer_bits"": 41, ""lanes"": 2, ""omit_low_diagonals"": 2, ""radix"": 2}"
full-ternary-e5d20ff56c8fdade,full-ternary,screened,,"FFT compact, L2, f30, omit0",0,0,0,48381,2950256,294555,74,118675,112808,,8,ddb201a83c625b2e4f6584c60d6445a0450ae1c3b139f83a38642886343c5d18,False,"{""arithmetic"": ""split-radix16"", ""backend"": ""compact"", ""fractional_bits"": 30, ""generator"": ""sgen"", ""guard_bits"": 0, ""integer_bits"": 41, ""lanes"": 2, ""radix"": 2}"
full-ternary-cd41d93a4ac121cc,full-ternary,screened,,"FFT compact, L2, f30, omit1",0,115200,7680,48378,2949744,294555,72,104638,98771,,7,f9b403a1d384b127b570aa40a7f78c588a67d4baf36024e617d935512a4fc485,True,"{""arithmetic"": ""split-radix16"", ""backend"": ""compact"", ""fractional_bits"": 30, ""generator"": ""sgen"", ""guard_bits"": 0, ""integer_bits"": 41, ""lanes"": 2, ""omit_low_diagonals"": 1, ""radix"": 2}"
full-ternary-a1dc3d9e01dd3e52,full-ternary,screened,,"FFT compact, L2, f30, omit2",0,1958400,130560,48377,2949744,294555,72,90601,84734,,6,266c01ea875c366f5b7e7472976c793480b23f8b99f44a6c4341f1fab27df342,True,"{""arithmetic"": ""split-radix16"", ""backend"": ""compact"", ""fractional_bits"": 30, ""generator"": ""sgen"", ""guard_bits"": 0, ""integer_bits"": 41, ""lanes"": 2, ""omit_low_diagonals"": 2, ""radix"": 2}"
full-ternary-e511873404067622,full-ternary,screened,,"FFT compact, L2, f32, omit0",0,0,0,48381,3032176,295593,74,118675,112808,,8,642d70fe1ff74db7151b8ace9d8b6e232eb7a1ddcab0557ec10e723d4336bcb2,False,"{""arithmetic"": ""split-radix16"", ""backend"": ""compact"", ""fractional_bits"": 32, ""generator"": ""sgen"", ""guard_bits"": 0, ""integer_bits"": 41, ""lanes"": 2, ""radix"": 2}"
full-ternary-6993248523bf6cf6,full-ternary,screened,,"FFT compact, L2, f32, omit1",0,115200,7680,48378,3031664,295593,72,104638,98771,,7,4e6205e61a305005240a4872333aace23be1ea6bd48654bc03a5f8f24a8d6ed5,False,"{""arithmetic"": ""split-radix16"", ""backend"": ""compact"", ""fractional_bits"": 32, ""generator"": ""sgen"", ""guard_bits"": 0, ""integer_bits"": 41, ""lanes"": 2, ""omit_low_diagonals"": 1, ""radix"": 2}"
full-ternary-9abd97fd75cb52a7,full-ternary,screened,,"FFT compact, L2, f32, omit2",0,1958400,130560,48377,3031664,295593,72,90601,84734,,6,b4d2027e3c2bd3cad9176aedec4ae4e55038c6b0a57f29dfccc7e713bf7bed5f,False,"{""arithmetic"": ""split-radix16"", ""backend"": ""compact"", ""fractional_bits"": 32, ""generator"": ""sgen"", ""guard_bits"": 0, ""integer_bits"": 41, ""lanes"": 2, ""omit_low_diagonals"": 2, ""radix"": 2}"
full-ternary-9238407c55587565,full-ternary,screened,,"FFT compact, L2, f40, omit0",0,0,0,48381,3359856,299745,74,118675,112808,,8,21c4fe427e91bcd254bc95cafd6f0bed1576ac303298ade6c9baf8529a3e3d44,False,"{""arithmetic"": ""split-radix16"", ""backend"": ""compact"", ""fractional_bits"": 40, ""generator"": ""sgen"", ""guard_bits"": 0, ""integer_bits"": 41, ""lanes"": 2, ""radix"": 2}"
full-ternary-ba7eab1a574999be,full-ternary,screened,,"FFT compact, L2, f40, omit1",0,115200,7680,48378,3359344,299745,72,104638,98771,,7,6b051af23c9557876a762873a1f83c585e89e8793888bb3c27184e2ed4fc0ff0,False,"{""arithmetic"": ""split-radix16"", ""backend"": ""compact"", ""fractional_bits"": 40, ""generator"": ""sgen"", ""guard_bits"": 0, ""integer_bits"": 41, ""lanes"": 2, ""omit_low_diagonals"": 1, ""radix"": 2}"
full-ternary-5bdc1f38fb317816,full-ternary,screened,,"FFT compact, L2, f40, omit2",0,1958400,130560,48377,3359344,299745,72,90601,84734,,6,d4800b41c79dec326c6fe0d28f9eeff7997170dad96496eac8ed1cb206628207,False,"{""arithmetic"": ""split-radix16"", ""backend"": ""compact"", ""fractional_bits"": 40, ""generator"": ""sgen"", ""guard_bits"": 0, ""integer_bits"": 41, ""lanes"": 2, ""omit_low_diagonals"": 2, ""radix"": 2}"
full-ternary-859d0dca7536aa0b,full-ternary,screened,,"FFT compact, L2, f48, omit0",0,0,0,48381,3687536,303897,74,118675,112808,,8,4450f3b11c7bcb51c91f8e60ddb0ad8be74866bd060a76c1aed96b4a44cd1451,False,"{""arithmetic"": ""split-radix16"", ""backend"": ""compact"", ""fractional_bits"": 48, ""generator"": ""sgen"", ""guard_bits"": 0, ""integer_bits"": 41, ""lanes"": 2, ""radix"": 2}"
full-ternary-dfc9f0103e97daa0,full-ternary,screened,,"FFT compact, L2, f48, omit1",0,115200,7680,48378,3687024,303897,72,104638,98771,,7,3ed180db8e82f65f69103bb18daed308ec6058324e5f68ff34e6f86d98bec03a,False,"{""arithmetic"": ""split-radix16"", ""backend"": ""compact"", ""fractional_bits"": 48, ""generator"": ""sgen"", ""guard_bits"": 0, ""integer_bits"": 41, ""lanes"": 2, ""omit_low_diagonals"": 1, ""radix"": 2}"
full-ternary-0dc918ca99ebd982,full-ternary,screened,,"FFT compact, L2, f48, omit2",0,1958400,130560,48377,3687024,303897,72,90601,84734,,6,bfde869c658918d4ddb71d4d5f43aaee41aae3ff70ed3466812bb05373b0d59e,False,"{""arithmetic"": ""split-radix16"", ""backend"": ""compact"", ""fractional_bits"": 48, ""generator"": ""sgen"", ""guard_bits"": 0, ""integer_bits"": 41, ""lanes"": 2, ""omit_low_diagonals"": 2, ""radix"": 2}"
full-ternary-ba4028b2fc3d6749,full-ternary,screened,,"NTT streamed, L2, R2, G1, montgomery, PE1",0,0,0,12880,1981012,21679,74,8147,3430,2,,d604efa6724b39a4a1ef58f4cb9b6198a4b224b155feb436ee1b45009ddfd32c,False,"{""arithmetic"": ""rns"", ""backend"": ""streamed"", ""generator"": ""ngen"", ""lanes"": 2, ""pe"": 1, ""profile"": ""baseline"", ""radix"": 2, ""reduction"": ""montgomery"", ""stage_groups"": 1}"
full-ternary-225f4b004a692515,full-ternary,screened,,"NTT streamed, L2, R2, G1, shoup, PE1",0,0,0,12652,1981012,17479,74,8067,3390,2,,4fe373ba20b9230620f421c6dc8be04c30038ae7890299ea699a13ebf47a2f05,True,"{""arithmetic"": ""rns"", ""backend"": ""streamed"", ""generator"": ""ngen"", ""lanes"": 2, ""pe"": 1, ""profile"": ""baseline"", ""radix"": 2, ""reduction"": ""shoup"", ""stage_groups"": 1}"
full-ternary-e8b2ee57c29297d9,full-ternary,screened,,"NTT streamed, L2, R2, G2, barrett, PE1",0,0,0,23062,2122324,30211,92,9097,2080,2,,5431635f888d9ebf2777da3e9b9dba1199c0ca9d430342def41a26b5a65d934f,False,"{""arithmetic"": ""rns"", ""backend"": ""streamed"", ""generator"": ""ngen"", ""lanes"": 2, ""pe"": 1, ""profile"": ""baseline"", ""radix"": 2, ""reduction"": ""barrett"", ""stage_groups"": 2}"
full-ternary-f845618c885c3ebc,full-ternary,screened,,"NTT streamed, L2, R2, G2, montgomery, PE1",0,0,0,23458,2122324,37783,92,9177,2100,2,,51b09e5e16875f0115d2cdc4c750ee3972825c04575d297384552125889b8d98,False,"{""arithmetic"": ""rns"", ""backend"": ""streamed"", ""generator"": ""ngen"", ""lanes"": 2, ""pe"": 1, ""profile"": ""baseline"", ""radix"": 2, ""reduction"": ""montgomery"", ""stage_groups"": 2}"
full-ternary-2ada7157f6473f00,full-ternary,screened,,"NTT streamed, L2, R2, G2, shoup, PE1",0,0,0,23002,2122324,29383,92,9097,2080,2,,1570a6cbead8ea54e48e85b5f92c4230fc3b177592250e5a27844326bacb2e61,True,"{""arithmetic"": ""rns"", ""backend"": ""streamed"", ""generator"": ""ngen"", ""lanes"": 2, ""pe"": 1, ""profile"": ""baseline"", ""radix"": 2, ""reduction"": ""shoup"", ""stage_groups"": 2}"
full-ternary-0e2b71fedbbaac93-unsupported-5435c407,full-ternary,unsupported,existing backend legality rules reject this combination,"NTT streamed, L2, R4, G1, barrett, PE1",0,,,,,,,,,,,,False,"{""arithmetic"": ""rns"", ""backend"": ""streamed"", ""generator"": ""ngen"", ""lanes"": 2, ""pe"": 1, ""profile"": ""baseline"", ""radix"": 4, ""reduction"": ""barrett"", ""stage_groups"": 1}"
full-ternary-d09c6e9af8227de3-unsupported-3b5d38b8,full-ternary,unsupported,existing backend legality rules reject this combination,"NTT streamed, L2, R4, G1, montgomery, PE1",0,,,,,,,,,,,,False,"{""arithmetic"": ""rns"", ""backend"": ""streamed"", ""generator"": ""ngen"", ""lanes"": 2, ""pe"": 1, ""profile"": ""baseline"", ""radix"": 4, ""reduction"": ""montgomery"", ""stage_groups"": 1}"
full-ternary-d66300e7693587ba-unsupported-0a4b9dfa,full-ternary,unsupported,existing backend legality rules reject this combination,"NTT streamed, L2, R4, G1, shoup, PE1",0,,,,,,,,,,,,False,"{""arithmetic"": ""rns"", ""backend"": ""streamed"", ""generator"": ""ngen"", ""lanes"": 2, ""pe"": 1, ""profile"": ""baseline"", ""radix"": 4, ""reduction"": ""shoup"", ""stage_groups"": 1}"
full-ternary-14977a1903f181c1-unsupported-f56e0453,full-ternary,unsupported,existing backend legality rules reject this combination,"NTT streamed, L2, R4, G2, barrett, PE1",0,,,,,,,,,,,,False,"{""arithmetic"": ""rns"", ""backend"": ""streamed"", ""generator"": ""ngen"", ""lanes"": 2, ""pe"": 1, ""profile"": ""baseline"", ""radix"": 4, ""reduction"": ""barrett"", ""stage_groups"": 2}"
full-ternary-4919e12a40067704-unsupported-abf57e3d,full-ternary,unsupported,existing backend legality rules reject this combination,"NTT streamed, L2, R4, G2, montgomery, PE1",0,,,,,,,,,,,,False,"{""arithmetic"": ""rns"", ""backend"": ""streamed"", ""generator"": ""ngen"", ""lanes"": 2, ""pe"": 1, ""profile"": ""baseline"", ""radix"": 4, ""reduction"": ""montgomery"", ""stage_groups"": 2}"
full-ternary-6fa5741ba8ec480c-unsupported-6ce4f6fb,full-ternary,unsupported,existing backend legality rules reject this combination,"NTT streamed, L2, R4, G2, shoup, PE1",0,,,,,,,,,,,,False,"{""arithmetic"": ""rns"", ""backend"": ""streamed"", ""generator"": ""ngen"", ""lanes"": 2, ""pe"": 1, ""profile"": ""baseline"", ""radix"": 4, ""reduction"": ""shoup"", ""stage_groups"": 2}"
full-ternary-fcb5e86ea2ea0f05,full-ternary,screened,,"NTT streamed, L2, R8, G1, barrett, PE1",0,0,0,131770,4099680,44527,434,7686,4219,2,,e812ae50e0bf0a584a811717692d16e43cc6f910e83a3a4c063d4b529440e7a7,False,"{""arithmetic"": ""rns"", ""backend"": ""streamed"", ""generator"": ""ngen"", ""lanes"": 2, ""pe"": 1, ""profile"": ""baseline"", ""radix"": 8, ""reduction"": ""barrett"", ""stage_groups"": 1}"
full-ternary-1b7a658759bf1075,full-ternary,screened,,"NTT streamed, L2, R8, G1, montgomery, PE1",0,0,0,131014,4099680,43981,434,7686,4219,2,,f3514b46883a620b55675bb7e92984fadaee498092aaee6e00a7ba63b14a49c2,False,"{""arithmetic"": ""rns"", ""backend"": ""streamed"", ""generator"": ""ngen"", ""lanes"": 2, ""pe"": 1, ""profile"": ""baseline"", ""radix"": 8, ""reduction"": ""montgomery"", ""stage_groups"": 1}"
full-ternary-626f8ac7daeea138,full-ternary,screened,,"NTT streamed, L2, R8, G1, shoup, PE1",0,0,0,131014,4099680,43975,434,7686,4219,2,,777a8c2d74aca19aad1ddd885025fd5a8fdfef6d896a02e7a369e13f7ee16372,False,"{""arithmetic"": ""rns"", ""backend"": ""streamed"", ""generator"": ""ngen"", ""lanes"": 2, ""pe"": 1, ""profile"": ""baseline"", ""radix"": 8, ""reduction"": ""shoup"", ""stage_groups"": 1}"
full-ternary-f81bc5d13d667b40-unsupported-27688b14,full-ternary,unsupported,existing backend legality rules reject this combination,"NTT streamed, L2, R8, G2, barrett, PE1",0,,,,,,,,,,,,False,"{""arithmetic"": ""rns"", ""backend"": ""streamed"", ""generator"": ""ngen"", ""lanes"": 2, ""pe"": 1, ""profile"": ""baseline"", ""radix"": 8, ""reduction"": ""barrett"", ""stage_groups"": 2}"
full-ternary-d94df77288a164c4-unsupported-398c96c3,full-ternary,unsupported,existing backend legality rules reject this combination,"NTT streamed, L2, R8, G2, montgomery, PE1",0,,,,,,,,,,,,False,"{""arithmetic"": ""rns"", ""backend"": ""streamed"", ""generator"": ""ngen"", ""lanes"": 2, ""pe"": 1, ""profile"": ""baseline"", ""radix"": 8, ""reduction"": ""montgomery"", ""stage_groups"": 2}"
full-ternary-05c2ca1266361f94-unsupported-07287616,full-ternary,unsupported,existing backend legality rules reject this combination,"NTT streamed, L2, R8, G2, shoup, PE1",0,,,,,,,,,,,,False,"{""arithmetic"": ""rns"", ""backend"": ""streamed"", ""generator"": ""ngen"", ""lanes"": 2, ""pe"": 1, ""profile"": ""baseline"", ""radix"": 8, ""reduction"": ""shoup"", ""stage_groups"": 2}"
full-ternary-877b10a5e654336b,full-ternary,screened,,"NTT streamed, L2, R2, G1, barrett, PE2",0,0,0,29938,1981440,28753,92,5252,1983,2,,b22a994eabd3794bca6dec1b1c42b72afe7782c61d85f90f633ca3b047167c4d,False,"{""arithmetic"": ""rns"", ""backend"": ""streamed"", ""generator"": ""ngen"", ""lanes"": 2, ""pe"": 2, ""profile"": ""baseline"", ""radix"": 2, ""reduction"": ""barrett"", ""stage_groups"": 1}"
full-ternary-ce2411b08241b44b,full-ternary,screened,,"NTT streamed, L2, R2, G1, montgomery, PE2",0,0,0,30334,1981440,36325,92,5332,2023,2,,3d50227f9a5a48e1564e34e47f29dc139a088448690ae7bf73b11432be776093,False,"{""arithmetic"": ""rns"", ""backend"": ""streamed"", ""generator"": ""ngen"", ""lanes"": 2, ""pe"": 2, ""profile"": ""baseline"", ""radix"": 2, ""reduction"": ""montgomery"", ""stage_groups"": 1}"
full-ternary-8846cdc2d130f7e5,full-ternary,screened,,"NTT streamed, L2, R2, G1, shoup, PE2",0,0,0,29878,1981440,27925,92,5252,1983,2,,875181c8dc9279deced9d77c1f72b5481f26a9f995020f1fe8c1753b7ac36111,True,"{""arithmetic"": ""rns"", ""backend"": ""streamed"", ""generator"": ""ngen"", ""lanes"": 2, ""pe"": 2, ""profile"": ""baseline"", ""radix"": 2, ""reduction"": ""shoup"", ""stage_groups"": 1}"
full-ternary-4f5747ce6bcabe2e,full-ternary,screened,,"NTT streamed, L2, R2, G2, barrett, PE2",0,0,0,64054,2122752,46927,128,6262,1308,2,,1faa2d2256cd77992cfe441b2bb723156923800bf506fc5c516e067d5c173968,False,"{""arithmetic"": ""rns"", ""backend"": ""streamed"", ""generator"": ""ngen"", ""lanes"": 2, ""pe"": 2, ""profile"": ""baseline"", ""radix"": 2, ""reduction"": ""barrett"", ""stage_groups"": 2}"
full-ternary-158fb125bfd57e54,full-ternary,screened,,"NTT streamed, L2, R2, G2, montgomery, PE2",0,0,0,64846,2122752,62071,128,6342,1328,2,,f6b25285269062801286ae8470a165e5a72da679aefb549fc7f4c542af00459c,False,"{""arithmetic"": ""rns"", ""backend"": ""streamed"", ""generator"": ""ngen"", ""lanes"": 2, ""pe"": 2, ""profile"": ""baseline"", ""radix"": 2, ""reduction"": ""montgomery"", ""stage_groups"": 2}"
full-ternary-7b56a5c346ce28cc,full-ternary,screened,,"NTT streamed, L2, R2, G2, shoup, PE2",0,0,0,63934,2122752,45271,128,6262,1308,2,,594f947b1555c8daf0a2ecfb3b15d431e8937ce31e281cf6967a39ece4ed71c9,True,"{""arithmetic"": ""rns"", ""backend"": ""streamed"", ""generator"": ""ngen"", ""lanes"": 2, ""pe"": 2, ""profile"": ""baseline"", ""radix"": 2, ""reduction"": ""shoup"", ""stage_groups"": 2}"
full-ternary-b78fc4c063f2bede-unsupported-b5cf0a8f,full-ternary,unsupported,existing backend legality rules reject this combination,"NTT streamed, L2, R4, G1, barrett, PE2",0,,,,,,,,,,,,False,"{""arithmetic"": ""rns"", ""backend"": ""streamed"", ""generator"": ""ngen"", ""lanes"": 2, ""pe"": 2, ""profile"": ""baseline"", ""radix"": 4, ""reduction"": ""barrett"", ""stage_groups"": 1}"
full-ternary-3c27e72cb9dd332d-unsupported-224b62c7,full-ternary,unsupported,existing backend legality rules reject this combination,"NTT streamed, L2, R4, G1, montgomery, PE2",0,,,,,,,,,,,,False,"{""arithmetic"": ""rns"", ""backend"": ""streamed"", ""generator"": ""ngen"", ""lanes"": 2, ""pe"": 2, ""profile"": ""baseline"", ""radix"": 4, ""reduction"": ""montgomery"", ""stage_groups"": 1}"
full-ternary-fc530395fe099c63-unsupported-ca4d42c8,full-ternary,unsupported,existing backend legality rules reject this combination,"NTT streamed, L2, R4, G1, shoup, PE2",0,,,,,,,,,,,,False,"{""arithmetic"": ""rns"", ""backend"": ""streamed"", ""generator"": ""ngen"", ""lanes"": 2, ""pe"": 2, ""profile"": ""baseline"", ""radix"": 4, ""reduction"": ""shoup"", ""stage_groups"": 1}"
full-ternary-b63174af593d29c7-unsupported-35587d3c,full-ternary,unsupported,existing backend legality rules reject this combination,"NTT streamed, L2, R4, G2, barrett, PE2",0,,,,,,,,,,,,False,"{""arithmetic"": ""rns"", ""backend"": ""streamed"", ""generator"": ""ngen"", ""lanes"": 2, ""pe"": 2, ""profile"": ""baseline"", ""radix"": 4, ""reduction"": ""barrett"", ""stage_groups"": 2}"
full-ternary-62c40db408ca8dea-unsupported-63deaedd,full-ternary,unsupported,existing backend legality rules reject this combination,"NTT streamed, L2, R4, G2, montgomery, PE2",0,,,,,,,,,,,,False,"{""arithmetic"": ""rns"", ""backend"": ""streamed"", ""generator"": ""ngen"", ""lanes"": 2, ""pe"": 2, ""profile"": ""baseline"", ""radix"": 4, ""reduction"": ""montgomery"", ""stage_groups"": 2}"
full-ternary-5f8105c6ca543e9f-unsupported-426e3f94,full-ternary,unsupported,existing backend legality rules reject this combination,"NTT streamed, L2, R4, G2, shoup, PE2",0,,,,,,,,,,,,False,"{""arithmetic"": ""rns"", ""backend"": ""streamed"", ""generator"": ""ngen"", ""lanes"": 2, ""pe"": 2, ""profile"": ""baseline"", ""radix"": 4, ""reduction"": ""shoup"", ""stage_groups"": 2}"
full-ternary-ff54ee343d24874d,full-ternary,screened,,"NTT streamed, L2, R8, G1, barrett, PE2",0,0,0,579100,4104192,82147,812,5004,2113,2,,85dc1395b8d2df2861ede217ebab5b37a249009c06193e0348a23d4a20d7d9ef,False,"{""arithmetic"": ""rns"", ""backend"": ""streamed"", ""generator"": ""ngen"", ""lanes"": 2, ""pe"": 2, ""profile"": ""baseline"", ""radix"": 8, ""reduction"": ""barrett"", ""stage_groups"": 1}"
full-ternary-c52bb6bec1fb18a9,full-ternary,screened,,"NTT streamed, L2, R8, G1, montgomery, PE2",0,0,0,577588,4104192,81055,812,5004,2113,2,,779c5785188a4b94d8901ba93d85dbbafb0454d20296d673b5aaddeefd93fd22,False,"{""arithmetic"": ""rns"", ""backend"": ""streamed"", ""generator"": ""ngen"", ""lanes"": 2, ""pe"": 2, ""profile"": ""baseline"", ""radix"": 8, ""reduction"": ""montgomery"", ""stage_groups"": 1}"
full-ternary-08f9b92f4b753d9b,full-ternary,screened,,"NTT streamed, L2, R8, G1, shoup, PE2",0,0,0,577588,4104192,81043,812,5004,2113,2,,563f6e309c148e7002d452e52cec5d156788e4177c827fb1ee79da5ea8020768,False,"{""arithmetic"": ""rns"", ""backend"": ""streamed"", ""generator"": ""ngen"", ""lanes"": 2, ""pe"": 2, ""profile"": ""baseline"", ""radix"": 8, ""reduction"": ""shoup"", ""stage_groups"": 1}"
full-ternary-33b5ad02be63c4b5-unsupported-5c4939c5,full-ternary,unsupported,existing backend legality rules reject this combination,"NTT streamed, L2, R8, G2, barrett, PE2",0,,,,,,,,,,,,False,"{""arithmetic"": ""rns"", ""backend"": ""streamed"", ""generator"": ""ngen"", ""lanes"": 2, ""pe"": 2, ""profile"": ""baseline"", ""radix"": 8, ""reduction"": ""barrett"", ""stage_groups"": 2}"
full-ternary-cb6191d828507860-unsupported-92cee566,full-ternary,unsupported,existing backend legality rules reject this combination,"NTT streamed, L2, R8, G2, montgomery, PE2",0,,,,,,,,,,,,False,"{""arithmetic"": ""rns"", ""backend"": ""streamed"", ""generator"": ""ngen"", ""lanes"": 2, ""pe"": 2, ""profile"": ""baseline"", ""radix"": 8, ""reduction"": ""montgomery"", ""stage_groups"": 2}"
full-ternary-87beee8f2433f6c3-unsupported-1be63c13,full-ternary,unsupported,existing backend legality rules reject this combination,"NTT streamed, L2, R8, G2, shoup, PE2",0,,,,,,,,,,,,False,"{""arithmetic"": ""rns"", ""backend"": ""streamed"", ""generator"": ""ngen"", ""lanes"": 2, ""pe"": 2, ""profile"": ""baseline"", ""radix"": 8, ""reduction"": ""shoup"", ""stage_groups"": 2}"
full-ternary-8f270565fa5ee065,full-ternary,screened,,"NTT streamed, L4, R2, G1, barrett, PE1",0,0,0,35710,1981012,21259,170,7299,3134,2,,ab1d087620d75b7a514be7aa6eba8c83ce4be842ca0a9397c656bc893520058f,False,"{""arithmetic"": ""rns"", ""backend"": ""streamed"", ""generator"": ""ngen"", ""lanes"": 4, ""pe"": 1, ""profile"": ""baseline"", ""radix"": 2, ""reduction"": ""barrett"", ""stage_groups"": 1}"
full-ternary-5c517db19a96b6e8,full-ternary,screened,,"NTT streamed, L4, R2, G1, montgomery, PE1",0,0,0,35908,1981012,25045,170,7379,3174,2,,114860af222ae12caaa486c1537b17fe69eb5fe06d1048941909be1d78460805,False,"{""arithmetic"": ""rns"", ""backend"": ""streamed"", ""generator"": ""ngen"", ""lanes"": 4, ""pe"": 1, ""profile"": ""baseline"", ""radix"": 2, ""reduction"": ""montgomery"", ""stage_groups"": 1}"
full-ternary-17c7bd8001105cca,full-ternary,screened,,"NTT streamed, L4, R2, G1, shoup, PE1",0,0,0,35680,1981012,20845,170,7299,3134,2,,89dd9c3ef56e3cb53c0c6ce48c55041f0c1d86c4a08adee047da404302f01841,True,"{""arithmetic"": ""rns"", ""backend"": ""streamed"", ""generator"": ""ngen"", ""lanes"": 4, ""pe"": 1, ""profile"": ""baseline"", ""radix"": 2, ""reduction"": ""shoup"", ""stage_groups"": 1}"
full-ternary-9e7eaa42d6788574,full-ternary,screened,,"NTT streamed, L4, R2, G2, barrett, PE1",0,0,0,68944,2122324,35821,188,7817,1824,2,,15cef742ea50c98318865577a64567225e5fe3f18154de2ef7525daa2fe1ccff,False,"{""arithmetic"": ""rns"", ""backend"": ""streamed"", ""generator"": ""ngen"", ""lanes"": 4, ""pe"": 1, ""profile"": ""baseline"", ""radix"": 2, ""reduction"": ""barrett"", ""stage_groups"": 2}"
full-ternary-8765440841502810,full-ternary,screened,,"NTT streamed, L4, R2, G2, montgomery, PE1",0,0,0,69340,2122324,43393,188,7897,1844,2,,6f3c69ae31b2b99506e6976d33863d8adf456081704de42dd698d483dc8bcc96,False,"{""arithmetic"": ""rns"", ""backend"": ""streamed"", ""generator"": ""ngen"", ""lanes"": 4, ""pe"": 1, ""profile"": ""baseline"", ""radix"": 2, ""reduction"": ""montgomery"", ""stage_groups"": 2}"
full-ternary-b5049c712d51081b,full-ternary,screened,,"NTT streamed, L4, R2, G2, shoup, PE1",0,0,0,68884,2122324,34993,188,7817,1824,2,,cfda4c45c25848a21832265d9960ef5d9ed59c336b98d48040b940ac5de3ef78,False,"{""arithmetic"": ""rns"", ""backend"": ""streamed"", ""generator"": ""ngen"", ""lanes"": 4, ""pe"": 1, ""profile"": ""baseline"", ""radix"": 2, ""reduction"": ""shoup"", ""stage_groups"": 2}"
full-ternary-47ed24c60efe7595-unsupported-7c694305,full-ternary,unsupported,existing backend legality rules reject this combination,"NTT streamed, L4, R4, G1, barrett, PE1",0,,,,,,,,,,,,False,"{""arithmetic"": ""rns"", ""backend"": ""streamed"", ""generator"": ""ngen"", ""lanes"": 4, ""pe"": 1, ""profile"": ""baseline"", ""radix"": 4, ""reduction"": ""barrett"", ""stage_groups"": 1}"
full-ternary-d2f6d597f72e172b-unsupported-fcf43597,full-ternary,unsupported,existing backend legality rules reject this combination,"NTT streamed, L4, R4, G1, montgomery, PE1",0,,,,,,,,,,,,False,"{""arithmetic"": ""rns"", ""backend"": ""streamed"", ""generator"": ""ngen"", ""lanes"": 4, ""pe"": 1, ""profile"": ""baseline"", ""radix"": 4, ""reduction"": ""montgomery"", ""stage_groups"": 1}"
full-ternary-c7d0962d69876245-unsupported-e598d758,full-ternary,unsupported,existing backend legality rules reject this combination,"NTT streamed, L4, R4, G1, shoup, PE1",0,,,,,,,,,,,,False,"{""arithmetic"": ""rns"", ""backend"": ""streamed"", ""generator"": ""ngen"", ""lanes"": 4, ""pe"": 1, ""profile"": ""baseline"", ""radix"": 4, ""reduction"": ""shoup"", ""stage_groups"": 1}"
full-ternary-bf6033ec9d2f7dbf-unsupported-a29942e7,full-ternary,unsupported,existing backend legality rules reject this combination,"NTT streamed, L4, R4, G2, barrett, PE1",0,,,,,,,,,,,,False,"{""arithmetic"": ""rns"", ""backend"": ""streamed"", ""generator"": ""ngen"", ""lanes"": 4, ""pe"": 1, ""profile"": ""baseline"", ""radix"": 4, ""reduction"": ""barrett"", ""stage_groups"": 2}"
full-ternary-020d0a6c81ef6230-unsupported-d255d3c4,full-ternary,unsupported,existing backend legality rules reject this combination,"NTT streamed, L4, R4, G2, montgomery, PE1",0,,,,,,,,,,,,False,"{""arithmetic"": ""rns"", ""backend"": ""streamed"", ""generator"": ""ngen"", ""lanes"": 4, ""pe"": 1, ""profile"": ""baseline"", ""radix"": 4, ""reduction"": ""montgomery"", ""stage_groups"": 2}"
full-ternary-f2eaa993027e9b7a-unsupported-77e3343c,full-ternary,unsupported,existing backend legality rules reject this combination,"NTT streamed, L4, R4, G2, shoup, PE1",0,,,,,,,,,,,,False,"{""arithmetic"": ""rns"", ""backend"": ""streamed"", ""generator"": ""ngen"", ""lanes"": 4, ""pe"": 1, ""profile"": ""baseline"", ""radix"": 4, ""reduction"": ""shoup"", ""stage_groups"": 2}"
full-ternary-2889af79bd2d5a75,full-ternary,screened,,"NTT streamed, L4, R8, G1, barrett, PE1",0,0,0,159436,4099680,45925,530,6918,4219,2,,1ab8d396f71114d1a1b78cec853e2ccc709f86dd0783ecb82562f32fa9bbbc3b,False,"{""arithmetic"": ""rns"", ""backend"": ""streamed"", ""generator"": ""ngen"", ""lanes"": 4, ""pe"": 1, ""profile"": ""baseline"", ""radix"": 8, ""reduction"": ""barrett"", ""stage_groups"": 1}"
full-ternary-e2460a6a7889cd0e,full-ternary,screened,,"NTT streamed, L4, R8, G1, montgomery, PE1",0,0,0,158680,4099680,45379,530,6918,4219,2,,a8f987e0f7fc273da7f28f55bb553957955dfef2a87ef7a04027c72dfcea1761,False,"{""arithmetic"": ""rns"", ""backend"": ""streamed"", ""generator"": ""ngen"", ""lanes"": 4, ""pe"": 1, ""profile"": ""baseline"", ""radix"": 8, ""reduction"": ""montgomery"", ""stage_groups"": 1}"
full-ternary-c6a8c41644848326,full-ternary,screened,,"NTT streamed, L4, R8, G1, shoup, PE1",0,0,0,158680,4099680,45373,530,6918,4219,2,,868a725491a493b699d8b6eadaf55df562e13caaa55dcd13f33789804a231746,False,"{""arithmetic"": ""rns"", ""backend"": ""streamed"", ""generator"": ""ngen"", ""lanes"": 4, ""pe"": 1, ""profile"": ""baseline"", ""radix"": 8, ""reduction"": ""shoup"", ""stage_groups"": 1}"
full-ternary-255f67903a5fc6bc-unsupported-766887cf,full-ternary,unsupported,existing backend legality rules reject this combination,"NTT streamed, L4, R8, G2, barrett, PE1",0,,,,,,,,,,,,False,"{""arithmetic"": ""rns"", ""backend"": ""streamed"", ""generator"": ""ngen"", ""lanes"": 4, ""pe"": 1, ""profile"": ""baseline"", ""radix"": 8, ""reduction"": ""barrett"", ""stage_groups"": 2}"
full-ternary-aaa8c9cf5a2158cd-unsupported-dae7a782,full-ternary,unsupported,existing backend legality rules reject this combination,"NTT streamed, L4, R8, G2, montgomery, PE1",0,,,,,,,,,,,,False,"{""arithmetic"": ""rns"", ""backend"": ""streamed"", ""generator"": ""ngen"", ""lanes"": 4, ""pe"": 1, ""profile"": ""baseline"", ""radix"": 8, ""reduction"": ""montgomery"", ""stage_groups"": 2}"
full-ternary-02ed453c614155b5-unsupported-30e85cfb,full-ternary,unsupported,existing backend legality rules reject this combination,"NTT streamed, L4, R8, G2, shoup, PE1",0,,,,,,,,,,,,False,"{""arithmetic"": ""rns"", ""backend"": ""streamed"", ""generator"": ""ngen"", ""lanes"": 4, ""pe"": 1, ""profile"": ""baseline"", ""radix"": 8, ""reduction"": ""shoup"", ""stage_groups"": 2}"
full-ternary-76b9d08eb5c2cd12,full-ternary,screened,,"NTT streamed, L4, R2, G1, barrett, PE2",0,0,0,41992,1981440,30151,188,4484,1727,2,,2431eb7fb8a02159be537654629a4cb57b5fdd27a0a268b26cb45666e383be59,False,"{""arithmetic"": ""rns"", ""backend"": ""streamed"", ""generator"": ""ngen"", ""lanes"": 4, ""pe"": 2, ""profile"": ""baseline"", ""radix"": 2, ""reduction"": ""barrett"", ""stage_groups"": 1}"
full-ternary-eaa7551f5b2c83df,full-ternary,screened,,"NTT streamed, L4, R2, G1, montgomery, PE2",0,0,0,42388,1981440,37723,188,4564,1767,2,,a2a3554225e9a77a228a104be5bb6865077dc34b33caadc39235227ddbb76115,False,"{""arithmetic"": ""rns"", ""backend"": ""streamed"", ""generator"": ""ngen"", ""lanes"": 4, ""pe"": 2, ""profile"": ""baseline"", ""radix"": 2, ""reduction"": ""montgomery"", ""stage_groups"": 1}"
full-ternary-7a7c73ffcfb0feb2,full-ternary,screened,,"NTT streamed, L4, R2, G1, shoup, PE2",0,0,0,41932,1981440,29323,188,4484,1727,2,,c00d3f10f33318f179b621ddd58b152d630a6132fe158d44e52c004cb2541748,True,"{""arithmetic"": ""rns"", ""backend"": ""streamed"", ""generator"": ""ngen"", ""lanes"": 4, ""pe"": 2, ""profile"": ""baseline"", ""radix"": 2, ""reduction"": ""shoup"", ""stage_groups"": 1}"
full-ternary-3ab6fdbd232a44f5,full-ternary,screened,,"NTT streamed, L4, R2, G2, barrett, PE2",0,0,0,87940,2122752,48601,224,4982,1052,2,,21139ff95f05f76cb57e5042e216220c1a26cfb365e8c88cf81932ce379040f2,False,"{""arithmetic"": ""rns"", ""backend"": ""streamed"", ""generator"": ""ngen"", ""lanes"": 4, ""pe"": 2, ""profile"": ""baseline"", ""radix"": 2, ""reduction"": ""barrett"", ""stage_groups"": 2}"
full-ternary-efebfa31b35b844c,full-ternary,screened,,"NTT streamed, L4, R2, G2, montgomery, PE2",0,0,0,88732,2122752,63745,224,5062,1072,2,,20fb1a7033e0384e4aecccb9dc42fdc98df7c1c52411df0075f3127ef04ee8b8,False,"{""arithmetic"": ""rns"", ""backend"": ""streamed"", ""generator"": ""ngen"", ""lanes"": 4, ""pe"": 2, ""profile"": ""baseline"", ""radix"": 2, ""reduction"": ""montgomery"", ""stage_groups"": 2}"
full-ternary-2950e53479c1231f,full-ternary,screened,,"NTT streamed, L4, R2, G2, shoup, PE2",0,0,0,87820,2122752,46945,224,4982,1052,2,,dcf0764460678ca7ca1156316ca9b650daf894ca99043cc2307cec9dfb6cb801,True,"{""arithmetic"": ""rns"", ""backend"": ""streamed"", ""generator"": ""ngen"", ""lanes"": 4, ""pe"": 2, ""profile"": ""baseline"", ""radix"": 2, ""reduction"": ""shoup"", ""stage_groups"": 2}"
full-ternary-61ea76db5e1bc925-unsupported-8d6fbf42,full-ternary,unsupported,existing backend legality rules reject this combination,"NTT streamed, L4, R4, G1, barrett, PE2",0,,,,,,,,,,,,False,"{""arithmetic"": ""rns"", ""backend"": ""streamed"", ""generator"": ""ngen"", ""lanes"": 4, ""pe"": 2, ""profile"": ""baseline"", ""radix"": 4, ""reduction"": ""barrett"", ""stage_groups"": 1}"
full-ternary-86e2fd15c094b511-unsupported-8e7e3255,full-ternary,unsupported,existing backend legality rules reject this combination,"NTT streamed, L4, R4, G1, montgomery, PE2",0,,,,,,,,,,,,False,"{""arithmetic"": ""rns"", ""backend"": ""streamed"", ""generator"": ""ngen"", ""lanes"": 4, ""pe"": 2, ""profile"": ""baseline"", ""radix"": 4, ""reduction"": ""montgomery"", ""stage_groups"": 1}"
full-ternary-f4206d62ab20021d-unsupported-1d682d2d,full-ternary,unsupported,existing backend legality rules reject this combination,"NTT streamed, L4, R4, G1, shoup, PE2",0,,,,,,,,,,,,False,"{""arithmetic"": ""rns"", ""backend"": ""streamed"", ""generator"": ""ngen"", ""lanes"": 4, ""pe"": 2, ""profile"": ""baseline"", ""radix"": 4, ""reduction"": ""shoup"", ""stage_groups"": 1}"
full-ternary-bdfda22cc6fb3a5a-unsupported-3294d120,full-ternary,unsupported,existing backend legality rules reject this combination,"NTT streamed, L4, R4, G2, barrett, PE2",0,,,,,,,,,,,,False,"{""arithmetic"": ""rns"", ""backend"": ""streamed"", ""generator"": ""ngen"", ""lanes"": 4, ""pe"": 2, ""profile"": ""baseline"", ""radix"": 4, ""reduction"": ""barrett"", ""stage_groups"": 2}"
full-ternary-305f78e08a79d9b7-unsupported-cbf36509,full-ternary,unsupported,existing backend legality rules reject this combination,"NTT streamed, L4, R4, G2, montgomery, PE2",0,,,,,,,,,,,,False,"{""arithmetic"": ""rns"", ""backend"": ""streamed"", ""generator"": ""ngen"", ""lanes"": 4, ""pe"": 2, ""profile"": ""baseline"", ""radix"": 4, ""reduction"": ""montgomery"", ""stage_groups"": 2}"
full-ternary-6de090d1f59f97bf-unsupported-4fc536d7,full-ternary,unsupported,existing backend legality rules reject this combination,"NTT streamed, L4, R4, G2, shoup, PE2",0,,,,,,,,,,,,False,"{""arithmetic"": ""rns"", ""backend"": ""streamed"", ""generator"": ""ngen"", ""lanes"": 4, ""pe"": 2, ""profile"": ""baseline"", ""radix"": 4, ""reduction"": ""shoup"", ""stage_groups"": 2}"
full-ternary-f408727582355c28,full-ternary,screened,,"NTT streamed, L4, R8, G1, barrett, PE2",0,0,0,653290,4104192,83545,908,4236,2113,2,,dbe8bf7c1b580bd45a5f18c07ce12321575165b2d2b03b4dd2ddb9ce95d7b4e3,False,"{""arithmetic"": ""rns"", ""backend"": ""streamed"", ""generator"": ""ngen"", ""lanes"": 4, ""pe"": 2, ""profile"": ""baseline"", ""radix"": 8, ""reduction"": ""barrett"", ""stage_groups"": 1}"
full-ternary-f61e1b9666989b98,full-ternary,screened,,"NTT streamed, L4, R8, G1, montgomery, PE2",0,0,0,651778,4104192,82453,908,4236,2113,2,,ad30a9cb4682e3f310137eb21c3608e4629b4d1ad71ef237229179c3d3ffdb22,False,"{""arithmetic"": ""rns"", ""backend"": ""streamed"", ""generator"": ""ngen"", ""lanes"": 4, ""pe"": 2, ""profile"": ""baseline"", ""radix"": 8, ""reduction"": ""montgomery"", ""stage_groups"": 1}"
full-ternary-7c98fb5254501819,full-ternary,screened,,"NTT streamed, L4, R8, G1, shoup, PE2",0,0,0,651778,4104192,82441,908,4236,2113,2,,559f9a34aea3a5011f471b7bf7b9208939b4a7842b50f31b530fb1af8e03316d,True,"{""arithmetic"": ""rns"", ""backend"": ""streamed"", ""generator"": ""ngen"", ""lanes"": 4, ""pe"": 2, ""profile"": ""baseline"", ""radix"": 8, ""reduction"": ""shoup"", ""stage_groups"": 1}"
full-ternary-a83255fd69fc3a08-unsupported-ffce9311,full-ternary,unsupported,existing backend legality rules reject this combination,"NTT streamed, L4, R8, G2, barrett, PE2",0,,,,,,,,,,,,False,"{""arithmetic"": ""rns"", ""backend"": ""streamed"", ""generator"": ""ngen"", ""lanes"": 4, ""pe"": 2, ""profile"": ""baseline"", ""radix"": 8, ""reduction"": ""barrett"", ""stage_groups"": 2}"
full-ternary-4aead74467029c25-unsupported-bcb17191,full-ternary,unsupported,existing backend legality rules reject this combination,"NTT streamed, L4, R8, G2, montgomery, PE2",0,,,,,,,,,,,,False,"{""arithmetic"": ""rns"", ""backend"": ""streamed"", ""generator"": ""ngen"", ""lanes"": 4, ""pe"": 2, ""profile"": ""baseline"", ""radix"": 8, ""reduction"": ""montgomery"", ""stage_groups"": 2}"
full-ternary-0905faf3a2aca6fd-unsupported-bfdceae9,full-ternary,unsupported,existing backend legality rules reject this combination,"NTT streamed, L4, R8, G2, shoup, PE2",0,,,,,,,,,,,,False,"{""arithmetic"": ""rns"", ""backend"": ""streamed"", ""generator"": ""ngen"", ""lanes"": 4, ""pe"": 2, ""profile"": ""baseline"", ""radix"": 8, ""reduction"": ""shoup"", ""stage_groups"": 2}"
full-ternary-d32b15892326b108,full-ternary,screened,,"NTT stage-parallel, L2, R2, G1, barrett",0,0,0,520618,353280,77485,41600,1818,521,2,,fe33fb63d6ba1ca4f7560deaa25d15920019593b1ca438e7d1a4677c0c24a599,False,"{""arithmetic"": ""rns"", ""backend"": ""stage-parallel"", ""generator"": ""ngen"", ""lanes"": 2, ""profile"": ""baseline"", ""radix"": 2, ""reduction"": ""barrett"", ""stage_groups"": 1}"
full-ternary-49e4ff51b4a84b3b,full-ternary,screened,,"NTT stage-parallel, L2, R2, G1, montgomery",0,0,0,437626,353280,77485,41636,1818,521,2,,63002894169566b1af3a1f3c1593dc96353b5e4cddc84a0eb37dfd6ea87576a2,True,"{""arithmetic"": ""rns"", ""backend"": ""stage-parallel"", ""generator"": ""ngen"", ""lanes"": 2, ""profile"": ""baseline"", ""radix"": 2, ""reduction"": ""montgomery"", ""stage_groups"": 1}"
full-ternary-b576c4ea3ab6c098,full-ternary,screened,,"NTT stage-parallel, L2, R2, G1, shoup",0,0,0,440590,353280,77485,41600,1818,521,2,,d8cdb8e6c892b78708eef7253ae361ab525ace5ad2f0fc198240e19ce2eae305,True,"{""arithmetic"": ""rns"", ""backend"": ""stage-parallel"", ""generator"": ""ngen"", ""lanes"": 2, ""profile"": ""baseline"", ""radix"": 2, ""reduction"": ""shoup"", ""stage_groups"": 1}"
full-ternary-7c2e93626a8bd4ea-unsupported-4978e050,full-ternary,unsupported,existing backend legality rules reject this combination,"NTT stage-parallel, L2, R2, G2, barrett",0,,,,,,,,,,,,False,"{""arithmetic"": ""rns"", ""backend"": ""stage-parallel"", ""generator"": ""ngen"", ""lanes"": 2, ""profile"": ""baseline"", ""radix"": 2, ""reduction"": ""barrett"", ""stage_groups"": 2}"
full-ternary-8e689e21d436447d-unsupported-6f3229ec,full-ternary,unsupported,existing backend legality rules reject this combination,"NTT stage-parallel, L2, R2, G2, montgomery",0,,,,,,,,,,,,False,"{""arithmetic"": ""rns"", ""backend"": ""stage-parallel"", ""generator"": ""ngen"", ""lanes"": 2, ""profile"": ""baseline"", ""radix"": 2, ""reduction"": ""montgomery"", ""stage_groups"": 2}"
full-ternary-f3023e9e778d2bec-unsupported-510ec58a,full-ternary,unsupported,existing backend legality rules reject this combination,"NTT stage-parallel, L2, R2, G2, shoup",0,,,,,,,,,,,,False,"{""arithmetic"": ""rns"", ""backend"": ""stage-parallel"", ""generator"": ""ngen"", ""lanes"": 2, ""profile"": ""baseline"", ""radix"": 2, ""reduction"": ""shoup"", ""stage_groups"": 2}"
full-ternary-1ce3e3609a4ba0b2-unsupported-1dded283,full-ternary,unsupported,existing backend legality rules reject this combination,"NTT stage-parallel, L2, R4, G1, barrett",0,,,,,,,,,,,,False,"{""arithmetic"": ""rns"", ""backend"": ""stage-parallel"", ""generator"": ""ngen"", ""lanes"": 2, ""profile"": ""baseline"", ""radix"": 4, ""reduction"": ""barrett"", ""stage_groups"": 1}"
full-ternary-1751ce14185dd25a-unsupported-c7380c40,full-ternary,unsupported,existing backend legality rules reject this combination,"NTT stage-parallel, L2, R4, G1, montgomery",0,,,,,,,,,,,,False,"{""arithmetic"": ""rns"", ""backend"": ""stage-parallel"", ""generator"": ""ngen"", ""lanes"": 2, ""profile"": ""baseline"", ""radix"": 4, ""reduction"": ""montgomery"", ""stage_groups"": 1}"
full-ternary-280e476a216460f9-unsupported-e442fcbf,full-ternary,unsupported,existing backend legality rules reject this combination,"NTT stage-parallel, L2, R4, G1, shoup",0,,,,,,,,,,,,False,"{""arithmetic"": ""rns"", ""backend"": ""stage-parallel"", ""generator"": ""ngen"", ""lanes"": 2, ""profile"": ""baseline"", ""radix"": 4, ""reduction"": ""shoup"", ""stage_groups"": 1}"
full-ternary-229e4576374d827e-unsupported-05a09114,full-ternary,unsupported,existing backend legality rules reject this combination,"NTT stage-parallel, L2, R4, G2, barrett",0,,,,,,,,,,,,False,"{""arithmetic"": ""rns"", ""backend"": ""stage-parallel"", ""generator"": ""ngen"", ""lanes"": 2, ""profile"": ""baseline"", ""radix"": 4, ""reduction"": ""barrett"", ""stage_groups"": 2}"
full-ternary-d4f973c39d8c2378-unsupported-17a3b779,full-ternary,unsupported,existing backend legality rules reject this combination,"NTT stage-parallel, L2, R4, G2, montgomery",0,,,,,,,,,,,,False,"{""arithmetic"": ""rns"", ""backend"": ""stage-parallel"", ""generator"": ""ngen"", ""lanes"": 2, ""profile"": ""baseline"", ""radix"": 4, ""reduction"": ""montgomery"", ""stage_groups"": 2}"
full-ternary-14e74a1875258958-unsupported-1d7765ad,full-ternary,unsupported,existing backend legality rules reject this combination,"NTT stage-parallel, L2, R4, G2, shoup",0,,,,,,,,,,,,False,"{""arithmetic"": ""rns"", ""backend"": ""stage-parallel"", ""generator"": ""ngen"", ""lanes"": 2, ""profile"": ""baseline"", ""radix"": 4, ""reduction"": ""shoup"", ""stage_groups"": 2}"
full-ternary-735c226781315a12-unsupported-42a17ffc,full-ternary,unsupported,existing backend legality rules reject this combination,"NTT stage-parallel, L2, R8, G1, barrett",0,,,,,,,,,,,,False,"{""arithmetic"": ""rns"", ""backend"": ""stage-parallel"", ""generator"": ""ngen"", ""lanes"": 2, ""profile"": ""baseline"", ""radix"": 8, ""reduction"": ""barrett"", ""stage_groups"": 1}"
full-ternary-f5d85f215e1689cc-unsupported-7a3c96a9,full-ternary,unsupported,existing backend legality rules reject this combination,"NTT stage-parallel, L2, R8, G1, montgomery",0,,,,,,,,,,,,False,"{""arithmetic"": ""rns"", ""backend"": ""stage-parallel"", ""generator"": ""ngen"", ""lanes"": 2, ""profile"": ""baseline"", ""radix"": 8, ""reduction"": ""montgomery"", ""stage_groups"": 1}"
full-ternary-825c00146f597b21-unsupported-667f58e9,full-ternary,unsupported,existing backend legality rules reject this combination,"NTT stage-parallel, L2, R8, G1, shoup",0,,,,,,,,,,,,False,"{""arithmetic"": ""rns"", ""backend"": ""stage-parallel"", ""generator"": ""ngen"", ""lanes"": 2, ""profile"": ""baseline"", ""radix"": 8, ""reduction"": ""shoup"", ""stage_groups"": 1}"
full-ternary-336c4527b2900e5d-unsupported-ca44a05b,full-ternary,unsupported,existing backend legality rules reject this combination,"NTT stage-parallel, L2, R8, G2, barrett",0,,,,,,,,,,,,False,"{""arithmetic"": ""rns"", ""backend"": ""stage-parallel"", ""generator"": ""ngen"", ""lanes"": 2, ""profile"": ""baseline"", ""radix"": 8, ""reduction"": ""barrett"", ""stage_groups"": 2}"
full-ternary-1f376074dd8c0ca4-unsupported-e498248a,full-ternary,unsupported,existing backend legality rules reject this combination,"NTT stage-parallel, L2, R8, G2, montgomery",0,,,,,,,,,,,,False,"{""arithmetic"": ""rns"", ""backend"": ""stage-parallel"", ""generator"": ""ngen"", ""lanes"": 2, ""profile"": ""baseline"", ""radix"": 8, ""reduction"": ""montgomery"", ""stage_groups"": 2}"
full-ternary-1bd9d618a93ac138-unsupported-d8784747,full-ternary,unsupported,existing backend legality rules reject this combination,"NTT stage-parallel, L2, R8, G2, shoup",0,,,,,,,,,,,,False,"{""arithmetic"": ""rns"", ""backend"": ""stage-parallel"", ""generator"": ""ngen"", ""lanes"": 2, ""profile"": ""baseline"", ""radix"": 8, ""reduction"": ""shoup"", ""stage_groups"": 2}"
full-ternary-d32b15892326b108-unsupported-f7cb8a35,full-ternary,unsupported,existing backend legality rules reject this combination,"NTT stage-parallel, L2, R2, G1, barrett",0,,,,,,,,,,,,False,"{""arithmetic"": ""rns"", ""backend"": ""stage-parallel"", ""generator"": ""ngen"", ""lanes"": 2, ""profile"": ""baseline"", ""radix"": 2, ""reduction"": ""barrett"", ""stage_groups"": 1}"
full-ternary-49e4ff51b4a84b3b-unsupported-9cb58447,full-ternary,unsupported,existing backend legality rules reject this combination,"NTT stage-parallel, L2, R2, G1, montgomery",0,,,,,,,,,,,,False,"{""arithmetic"": ""rns"", ""backend"": ""stage-parallel"", ""generator"": ""ngen"", ""lanes"": 2, ""profile"": ""baseline"", ""radix"": 2, ""reduction"": ""montgomery"", ""stage_groups"": 1}"
full-ternary-b576c4ea3ab6c098-unsupported-7c184b76,full-ternary,unsupported,existing backend legality rules reject this combination,"NTT stage-parallel, L2, R2, G1, shoup",0,,,,,,,,,,,,False,"{""arithmetic"": ""rns"", ""backend"": ""stage-parallel"", ""generator"": ""ngen"", ""lanes"": 2, ""profile"": ""baseline"", ""radix"": 2, ""reduction"": ""shoup"", ""stage_groups"": 1}"
full-ternary-7c2e93626a8bd4ea-unsupported-d30fefb2,full-ternary,unsupported,existing backend legality rules reject this combination,"NTT stage-parallel, L2, R2, G2, barrett",0,,,,,,,,,,,,False,"{""arithmetic"": ""rns"", ""backend"": ""stage-parallel"", ""generator"": ""ngen"", ""lanes"": 2, ""profile"": ""baseline"", ""radix"": 2, ""reduction"": ""barrett"", ""stage_groups"": 2}"
full-ternary-8e689e21d436447d-unsupported-50dac5ce,full-ternary,unsupported,existing backend legality rules reject this combination,"NTT stage-parallel, L2, R2, G2, montgomery",0,,,,,,,,,,,,False,"{""arithmetic"": ""rns"", ""backend"": ""stage-parallel"", ""generator"": ""ngen"", ""lanes"": 2, ""profile"": ""baseline"", ""radix"": 2, ""reduction"": ""montgomery"", ""stage_groups"": 2}"
full-ternary-f3023e9e778d2bec-unsupported-7063be0f,full-ternary,unsupported,existing backend legality rules reject this combination,"NTT stage-parallel, L2, R2, G2, shoup",0,,,,,,,,,,,,False,"{""arithmetic"": ""rns"", ""backend"": ""stage-parallel"", ""generator"": ""ngen"", ""lanes"": 2, ""profile"": ""baseline"", ""radix"": 2, ""reduction"": ""shoup"", ""stage_groups"": 2}"
full-ternary-1ce3e3609a4ba0b2-unsupported-b278c7d0,full-ternary,unsupported,existing backend legality rules reject this combination,"NTT stage-parallel, L2, R4, G1, barrett",0,,,,,,,,,,,,False,"{""arithmetic"": ""rns"", ""backend"": ""stage-parallel"", ""generator"": ""ngen"", ""lanes"": 2, ""profile"": ""baseline"", ""radix"": 4, ""reduction"": ""barrett"", ""stage_groups"": 1}"
full-ternary-1751ce14185dd25a-unsupported-8149119c,full-ternary,unsupported,existing backend legality rules reject this combination,"NTT stage-parallel, L2, R4, G1, montgomery",0,,,,,,,,,,,,False,"{""arithmetic"": ""rns"", ""backend"": ""stage-parallel"", ""generator"": ""ngen"", ""lanes"": 2, ""profile"": ""baseline"", ""radix"": 4, ""reduction"": ""montgomery"", ""stage_groups"": 1}"
full-ternary-280e476a216460f9-unsupported-0f46a57a,full-ternary,unsupported,existing backend legality rules reject this combination,"NTT stage-parallel, L2, R4, G1, shoup",0,,,,,,,,,,,,False,"{""arithmetic"": ""rns"", ""backend"": ""stage-parallel"", ""generator"": ""ngen"", ""lanes"": 2, ""profile"": ""baseline"", ""radix"": 4, ""reduction"": ""shoup"", ""stage_groups"": 1}"
full-ternary-229e4576374d827e-unsupported-2fa9bb65,full-ternary,unsupported,existing backend legality rules reject this combination,"NTT stage-parallel, L2, R4, G2, barrett",0,,,,,,,,,,,,False,"{""arithmetic"": ""rns"", ""backend"": ""stage-parallel"", ""generator"": ""ngen"", ""lanes"": 2, ""profile"": ""baseline"", ""radix"": 4, ""reduction"": ""barrett"", ""stage_groups"": 2}"
full-ternary-d4f973c39d8c2378-unsupported-572cba09,full-ternary,unsupported,existing backend legality rules reject this combination,"NTT stage-parallel, L2, R4, G2, montgomery",0,,,,,,,,,,,,False,"{""arithmetic"": ""rns"", ""backend"": ""stage-parallel"", ""generator"": ""ngen"", ""lanes"": 2, ""profile"": ""baseline"", ""radix"": 4, ""reduction"": ""montgomery"", ""stage_groups"": 2}"
full-ternary-14e74a1875258958-unsupported-a0e517a6,full-ternary,unsupported,existing backend legality rules reject this combination,"NTT stage-parallel, L2, R4, G2, shoup",0,,,,,,,,,,,,False,"{""arithmetic"": ""rns"", ""backend"": ""stage-parallel"", ""generator"": ""ngen"", ""lanes"": 2, ""profile"": ""baseline"", ""radix"": 4, ""reduction"": ""shoup"", ""stage_groups"": 2}"
full-ternary-735c226781315a12-unsupported-189677a3,full-ternary,unsupported,existing backend legality rules reject this combination,"NTT stage-parallel, L2, R8, G1, barrett",0,,,,,,,,,,,,False,"{""arithmetic"": ""rns"", ""backend"": ""stage-parallel"", ""generator"": ""ngen"", ""lanes"": 2, ""profile"": ""baseline"", ""radix"": 8, ""reduction"": ""barrett"", ""stage_groups"": 1}"
full-ternary-f5d85f215e1689cc-unsupported-9e0aca13,full-ternary,unsupported,existing backend legality rules reject this combination,"NTT stage-parallel, L2, R8, G1, montgomery",0,,,,,,,,,,,,False,"{""arithmetic"": ""rns"", ""backend"": ""stage-parallel"", ""generator"": ""ngen"", ""lanes"": 2, ""profile"": ""baseline"", ""radix"": 8, ""reduction"": ""montgomery"", ""stage_groups"": 1}"
full-ternary-825c00146f597b21-unsupported-e377f0d1,full-ternary,unsupported,existing backend legality rules reject this combination,"NTT stage-parallel, L2, R8, G1, shoup",0,,,,,,,,,,,,False,"{""arithmetic"": ""rns"", ""backend"": ""stage-parallel"", ""generator"": ""ngen"", ""lanes"": 2, ""profile"": ""baseline"", ""radix"": 8, ""reduction"": ""shoup"", ""stage_groups"": 1}"
full-ternary-336c4527b2900e5d-unsupported-1276c3e0,full-ternary,unsupported,existing backend legality rules reject this combination,"NTT stage-parallel, L2, R8, G2, barrett",0,,,,,,,,,,,,False,"{""arithmetic"": ""rns"", ""backend"": ""stage-parallel"", ""generator"": ""ngen"", ""lanes"": 2, ""profile"": ""baseline"", ""radix"": 8, ""reduction"": ""barrett"", ""stage_groups"": 2}"
full-ternary-1f376074dd8c0ca4-unsupported-836bba0b,full-ternary,unsupported,existing backend legality rules reject this combination,"NTT stage-parallel, L2, R8, G2, montgomery",0,,,,,,,,,,,,False,"{""arithmetic"": ""rns"", ""backend"": ""stage-parallel"", ""generator"": ""ngen"", ""lanes"": 2, ""profile"": ""baseline"", ""radix"": 8, ""reduction"": ""montgomery"", ""stage_groups"": 2}"
full-ternary-1bd9d618a93ac138-unsupported-0b7c7701,full-ternary,unsupported,existing backend legality rules reject this combination,"NTT stage-parallel, L2, R8, G2, shoup",0,,,,,,,,,,,,False,"{""arithmetic"": ""rns"", ""backend"": ""stage-parallel"", ""generator"": ""ngen"", ""lanes"": 2, ""profile"": ""baseline"", ""radix"": 8, ""reduction"": ""shoup"", ""stage_groups"": 2}"
full-ternary-9d8eb12250baa717,full-ternary,screened,,"NTT stage-parallel, L4, R2, G1, barrett",0,0,0,521392,353280,78883,41768,1306,256,2,,ca84a3eacb13ef2798bcdc07bfc11c1ae26c343b12018f7761ca3601c10ace8a,False,"{""arithmetic"": ""rns"", ""backend"": ""stage-parallel"", ""generator"": ""ngen"", ""lanes"": 4, ""profile"": ""baseline"", ""radix"": 2, ""reduction"": ""barrett"", ""stage_groups"": 1}"
full-ternary-e292f7c98acf8123,full-ternary,screened,,"NTT stage-parallel, L4, R2, G1, montgomery",0,0,0,438352,353280,78883,41840,1306,256,2,,8334f18ff51dc7d392585fdc21c1bc28700b7069ed0b13dfa81438312670d927,True,"{""arithmetic"": ""rns"", ""backend"": ""stage-parallel"", ""generator"": ""ngen"", ""lanes"": 4, ""profile"": ""baseline"", ""radix"": 2, ""reduction"": ""montgomery"", ""stage_groups"": 1}"
full-ternary-8d24c897cf35909f,full-ternary,screened,,"NTT stage-parallel, L4, R2, G1, shoup",0,0,0,441208,353280,78883,41768,1306,256,2,,b259ab5fb39d806040e79b25fbb48a42a544d08cdb73458e1e943fa7a31ebba7,True,"{""arithmetic"": ""rns"", ""backend"": ""stage-parallel"", ""generator"": ""ngen"", ""lanes"": 4, ""profile"": ""baseline"", ""radix"": 2, ""reduction"": ""shoup"", ""stage_groups"": 1}"
full-ternary-52188c5719e1322a-unsupported-f4fef344,full-ternary,unsupported,existing backend legality rules reject this combination,"NTT stage-parallel, L4, R2, G2, barrett",0,,,,,,,,,,,,False,"{""arithmetic"": ""rns"", ""backend"": ""stage-parallel"", ""generator"": ""ngen"", ""lanes"": 4, ""profile"": ""baseline"", ""radix"": 2, ""reduction"": ""barrett"", ""stage_groups"": 2}"
full-ternary-41ed57ee141250ae-unsupported-c3bbfcad,full-ternary,unsupported,existing backend legality rules reject this combination,"NTT stage-parallel, L4, R2, G2, montgomery",0,,,,,,,,,,,,False,"{""arithmetic"": ""rns"", ""backend"": ""stage-parallel"", ""generator"": ""ngen"", ""lanes"": 4, ""profile"": ""baseline"", ""radix"": 2, ""reduction"": ""montgomery"", ""stage_groups"": 2}"
full-ternary-fc976dc755b03afd-unsupported-1fa52e0e,full-ternary,unsupported,existing backend legality rules reject this combination,"NTT stage-parallel, L4, R2, G2, shoup",0,,,,,,,,,,,,False,"{""arithmetic"": ""rns"", ""backend"": ""stage-parallel"", ""generator"": ""ngen"", ""lanes"": 4, ""profile"": ""baseline"", ""radix"": 2, ""reduction"": ""shoup"", ""stage_groups"": 2}"
full-ternary-59c2f096b00eea61-unsupported-b2dac0d8,full-ternary,unsupported,existing backend legality rules reject this combination,"NTT stage-parallel, L4, R4, G1, barrett",0,,,,,,,,,,,,False,"{""arithmetic"": ""rns"", ""backend"": ""stage-parallel"", ""generator"": ""ngen"", ""lanes"": 4, ""profile"": ""baseline"", ""radix"": 4, ""reduction"": ""barrett"", ""stage_groups"": 1}"
full-ternary-1a413634e8f2bd27-unsupported-11a96a3a,full-ternary,unsupported,existing backend legality rules reject this combination,"NTT stage-parallel, L4, R4, G1, montgomery",0,,,,,,,,,,,,False,"{""arithmetic"": ""rns"", ""backend"": ""stage-parallel"", ""generator"": ""ngen"", ""lanes"": 4, ""profile"": ""baseline"", ""radix"": 4, ""reduction"": ""montgomery"", ""stage_groups"": 1}"
full-ternary-d51203867cb453f4-unsupported-060d2637,full-ternary,unsupported,existing backend legality rules reject this combination,"NTT stage-parallel, L4, R4, G1, shoup",0,,,,,,,,,,,,False,"{""arithmetic"": ""rns"", ""backend"": ""stage-parallel"", ""generator"": ""ngen"", ""lanes"": 4, ""profile"": ""baseline"", ""radix"": 4, ""reduction"": ""shoup"", ""stage_groups"": 1}"
full-ternary-80a62b208beb26ef-unsupported-a30c6442,full-ternary,unsupported,existing backend legality rules reject this combination,"NTT stage-parallel, L4, R4, G2, barrett",0,,,,,,,,,,,,False,"{""arithmetic"": ""rns"", ""backend"": ""stage-parallel"", ""generator"": ""ngen"", ""lanes"": 4, ""profile"": ""baseline"", ""radix"": 4, ""reduction"": ""barrett"", ""stage_groups"": 2}"
full-ternary-0ee0be7362b293e8-unsupported-f2f52a9c,full-ternary,unsupported,existing backend legality rules reject this combination,"NTT stage-parallel, L4, R4, G2, montgomery",0,,,,,,,,,,,,False,"{""arithmetic"": ""rns"", ""backend"": ""stage-parallel"", ""generator"": ""ngen"", ""lanes"": 4, ""profile"": ""baseline"", ""radix"": 4, ""reduction"": ""montgomery"", ""stage_groups"": 2}"
full-ternary-69d4e6dcff96e4ce-unsupported-05388be9,full-ternary,unsupported,existing backend legality rules reject this combination,"NTT stage-parallel, L4, R4, G2, shoup",0,,,,,,,,,,,,False,"{""arithmetic"": ""rns"", ""backend"": ""stage-parallel"", ""generator"": ""ngen"", ""lanes"": 4, ""profile"": ""baseline"", ""radix"": 4, ""reduction"": ""shoup"", ""stage_groups"": 2}"
full-ternary-44ebab9efee3b66e-unsupported-5190ffa8,full-ternary,unsupported,existing backend legality rules reject this combination,"NTT stage-parallel, L4, R8, G1, barrett",0,,,,,,,,,,,,False,"{""arithmetic"": ""rns"", ""backend"": ""stage-parallel"", ""generator"": ""ngen"", ""lanes"": 4, ""profile"": ""baseline"", ""radix"": 8, ""reduction"": ""barrett"", ""stage_groups"": 1}"
full-ternary-b477459741e7c609-unsupported-39bc9c44,full-ternary,unsupported,existing backend legality rules reject this combination,"NTT stage-parallel, L4, R8, G1, montgomery",0,,,,,,,,,,,,False,"{""arithmetic"": ""rns"", ""backend"": ""stage-parallel"", ""generator"": ""ngen"", ""lanes"": 4, ""profile"": ""baseline"", ""radix"": 8, ""reduction"": ""montgomery"", ""stage_groups"": 1}"
full-ternary-04b929cb2e6704b8-unsupported-9ba9b035,full-ternary,unsupported,existing backend legality rules reject this combination,"NTT stage-parallel, L4, R8, G1, shoup",0,,,,,,,,,,,,False,"{""arithmetic"": ""rns"", ""backend"": ""stage-parallel"", ""generator"": ""ngen"", ""lanes"": 4, ""profile"": ""baseline"", ""radix"": 8, ""reduction"": ""shoup"", ""stage_groups"": 1}"
full-ternary-fb4eb7eaaface080-unsupported-8d82e204,full-ternary,unsupported,existing backend legality rules reject this combination,"NTT stage-parallel, L4, R8, G2, barrett",0,,,,,,,,,,,,False,"{""arithmetic"": ""rns"", ""backend"": ""stage-parallel"", ""generator"": ""ngen"", ""lanes"": 4, ""profile"": ""baseline"", ""radix"": 8, ""reduction"": ""barrett"", ""stage_groups"": 2}"
full-ternary-e7abf8b175eda625-unsupported-eaaa3c2b,full-ternary,unsupported,existing backend legality rules reject this combination,"NTT stage-parallel, L4, R8, G2, montgomery",0,,,,,,,,,,,,False,"{""arithmetic"": ""rns"", ""backend"": ""stage-parallel"", ""generator"": ""ngen"", ""lanes"": 4, ""profile"": ""baseline"", ""radix"": 8, ""reduction"": ""montgomery"", ""stage_groups"": 2}"
full-ternary-8f322cc3622f2989-unsupported-be3cfb75,full-ternary,unsupported,existing backend legality rules reject this combination,"NTT stage-parallel, L4, R8, G2, shoup",0,,,,,,,,,,,,False,"{""arithmetic"": ""rns"", ""backend"": ""stage-parallel"", ""generator"": ""ngen"", ""lanes"": 4, ""profile"": ""baseline"", ""radix"": 8, ""reduction"": ""shoup"", ""stage_groups"": 2}"
full-ternary-9d8eb12250baa717-unsupported-a0719124,full-ternary,unsupported,existing backend legality rules reject this combination,"NTT stage-parallel, L4, R2, G1, barrett",0,,,,,,,,,,,,False,"{""arithmetic"": ""rns"", ""backend"": ""stage-parallel"", ""generator"": ""ngen"", ""lanes"": 4, ""profile"": ""baseline"", ""radix"": 2, ""reduction"": ""barrett"", ""stage_groups"": 1}"
full-ternary-e292f7c98acf8123-unsupported-5445611c,full-ternary,unsupported,existing backend legality rules reject this combination,"NTT stage-parallel, L4, R2, G1, montgomery",0,,,,,,,,,,,,False,"{""arithmetic"": ""rns"", ""backend"": ""stage-parallel"", ""generator"": ""ngen"", ""lanes"": 4, ""profile"": ""baseline"", ""radix"": 2, ""reduction"": ""montgomery"", ""stage_groups"": 1}"
full-ternary-8d24c897cf35909f-unsupported-8ba3b1d7,full-ternary,unsupported,existing backend legality rules reject this combination,"NTT stage-parallel, L4, R2, G1, shoup",0,,,,,,,,,,,,False,"{""arithmetic"": ""rns"", ""backend"": ""stage-parallel"", ""generator"": ""ngen"", ""lanes"": 4, ""profile"": ""baseline"", ""radix"": 2, ""reduction"": ""shoup"", ""stage_groups"": 1}"
full-ternary-52188c5719e1322a-unsupported-2c63fc6d,full-ternary,unsupported,existing backend legality rules reject this combination,"NTT stage-parallel, L4, R2, G2, barrett",0,,,,,,,,,,,,False,"{""arithmetic"": ""rns"", ""backend"": ""stage-parallel"", ""generator"": ""ngen"", ""lanes"": 4, ""profile"": ""baseline"", ""radix"": 2, ""reduction"": ""barrett"", ""stage_groups"": 2}"
full-ternary-41ed57ee141250ae-unsupported-b5b25665,full-ternary,unsupported,existing backend legality rules reject this combination,"NTT stage-parallel, L4, R2, G2, montgomery",0,,,,,,,,,,,,False,"{""arithmetic"": ""rns"", ""backend"": ""stage-parallel"", ""generator"": ""ngen"", ""lanes"": 4, ""profile"": ""baseline"", ""radix"": 2, ""reduction"": ""montgomery"", ""stage_groups"": 2}"
full-ternary-fc976dc755b03afd-unsupported-b4126a10,full-ternary,unsupported,existing backend legality rules reject this combination,"NTT stage-parallel, L4, R2, G2, shoup",0,,,,,,,,,,,,False,"{""arithmetic"": ""rns"", ""backend"": ""stage-parallel"", ""generator"": ""ngen"", ""lanes"": 4, ""profile"": ""baseline"", ""radix"": 2, ""reduction"": ""shoup"", ""stage_groups"": 2}"
full-ternary-59c2f096b00eea61-unsupported-a905be5d,full-ternary,unsupported,existing backend legality rules reject this combination,"NTT stage-parallel, L4, R4, G1, barrett",0,,,,,,,,,,,,False,"{""arithmetic"": ""rns"", ""backend"": ""stage-parallel"", ""generator"": ""ngen"", ""lanes"": 4, ""profile"": ""baseline"", ""radix"": 4, ""reduction"": ""barrett"", ""stage_groups"": 1}"
full-ternary-1a413634e8f2bd27-unsupported-a62aacce,full-ternary,unsupported,existing backend legality rules reject this combination,"NTT stage-parallel, L4, R4, G1, montgomery",0,,,,,,,,,,,,False,"{""arithmetic"": ""rns"", ""backend"": ""stage-parallel"", ""generator"": ""ngen"", ""lanes"": 4, ""profile"": ""baseline"", ""radix"": 4, ""reduction"": ""montgomery"", ""stage_groups"": 1}"
full-ternary-d51203867cb453f4-unsupported-a321d922,full-ternary,unsupported,existing backend legality rules reject this combination,"NTT stage-parallel, L4, R4, G1, shoup",0,,,,,,,,,,,,False,"{""arithmetic"": ""rns"", ""backend"": ""stage-parallel"", ""generator"": ""ngen"", ""lanes"": 4, ""profile"": ""baseline"", ""radix"": 4, ""reduction"": ""shoup"", ""stage_groups"": 1}"
full-ternary-80a62b208beb26ef-unsupported-e9fba112,full-ternary,unsupported,existing backend legality rules reject this combination,"NTT stage-parallel, L4, R4, G2, barrett",0,,,,,,,,,,,,False,"{""arithmetic"": ""rns"", ""backend"": ""stage-parallel"", ""generator"": ""ngen"", ""lanes"": 4, ""profile"": ""baseline"", ""radix"": 4, ""reduction"": ""barrett"", ""stage_groups"": 2}"
full-ternary-0ee0be7362b293e8-unsupported-8ad3914c,full-ternary,unsupported,existing backend legality rules reject this combination,"NTT stage-parallel, L4, R4, G2, montgomery",0,,,,,,,,,,,,False,"{""arithmetic"": ""rns"", ""backend"": ""stage-parallel"", ""generator"": ""ngen"", ""lanes"": 4, ""profile"": ""baseline"", ""radix"": 4, ""reduction"": ""montgomery"", ""stage_groups"": 2}"
full-ternary-69d4e6dcff96e4ce-unsupported-065cd00a,full-ternary,unsupported,existing backend legality rules reject this combination,"NTT stage-parallel, L4, R4, G2, shoup",0,,,,,,,,,,,,False,"{""arithmetic"": ""rns"", ""backend"": ""stage-parallel"", ""generator"": ""ngen"", ""lanes"": 4, ""profile"": ""baseline"", ""radix"": 4, ""reduction"": ""shoup"", ""stage_groups"": 2}"
full-ternary-44ebab9efee3b66e-unsupported-9a7f9a1a,full-ternary,unsupported,existing backend legality rules reject this combination,"NTT stage-parallel, L4, R8, G1, barrett",0,,,,,,,,,,,,False,"{""arithmetic"": ""rns"", ""backend"": ""stage-parallel"", ""generator"": ""ngen"", ""lanes"": 4, ""profile"": ""baseline"", ""radix"": 8, ""reduction"": ""barrett"", ""stage_groups"": 1}"
full-ternary-b477459741e7c609-unsupported-cb7964b5,full-ternary,unsupported,existing backend legality rules reject this combination,"NTT stage-parallel, L4, R8, G1, montgomery",0,,,,,,,,,,,,False,"{""arithmetic"": ""rns"", ""backend"": ""stage-parallel"", ""generator"": ""ngen"", ""lanes"": 4, ""profile"": ""baseline"", ""radix"": 8, ""reduction"": ""montgomery"", ""stage_groups"": 1}"
full-ternary-04b929cb2e6704b8-unsupported-0e7b89ff,full-ternary,unsupported,existing backend legality rules reject this combination,"NTT stage-parallel, L4, R8, G1, shoup",0,,,,,,,,,,,,False,"{""arithmetic"": ""rns"", ""backend"": ""stage-parallel"", ""generator"": ""ngen"", ""lanes"": 4, ""profile"": ""baseline"", ""radix"": 8, ""reduction"": ""shoup"", ""stage_groups"": 1}"
full-ternary-fb4eb7eaaface080-unsupported-a5700027,full-ternary,unsupported,existing backend legality rules reject this combination,"NTT stage-parallel, L4, R8, G2, barrett",0,,,,,,,,,,,,False,"{""arithmetic"": ""rns"", ""backend"": ""stage-parallel"", ""generator"": ""ngen"", ""lanes"": 4, ""profile"": ""baseline"", ""radix"": 8, ""reduction"": ""barrett"", ""stage_groups"": 2}"
full-ternary-e7abf8b175eda625-unsupported-ab75b972,full-ternary,unsupported,existing backend legality rules reject this combination,"NTT stage-parallel, L4, R8, G2, montgomery",0,,,,,,,,,,,,False,"{""arithmetic"": ""rns"", ""backend"": ""stage-parallel"", ""generator"": ""ngen"", ""lanes"": 4, ""profile"": ""baseline"", ""radix"": 8, ""reduction"": ""montgomery"", ""stage_groups"": 2}"
full-ternary-8f322cc3622f2989-unsupported-d58a1225,full-ternary,unsupported,existing backend legality rules reject this combination,"NTT stage-parallel, L4, R8, G2, shoup",0,,,,,,,,,,,,False,"{""arithmetic"": ""rns"", ""backend"": ""stage-parallel"", ""generator"": ""ngen"", ""lanes"": 4, ""profile"": ""baseline"", ""radix"": 8, ""reduction"": ""shoup"", ""stage_groups"": 2}"
full-ternary-fft-round-q4,full-ternary,screened,,"FFT compact, L2, f30, omit0, round4",4,8,8,48384,2950256,294555,74,118675,112808,,8,01c71b95a12cfe09d042beba018ec8ab324887ad32519b6aabff3172e33bad07,False,"{""arithmetic"": ""split-radix16"", ""backend"": ""compact"", ""fractional_bits"": 30, ""generator"": ""sgen"", ""guard_bits"": 0, ""integer_bits"": 41, ""lanes"": 2, ""radix"": 2}"
full-ternary-fft-round-q8,full-ternary,screened,,"FFT compact, L2, f30, omit0, round8",8,128,128,48384,2950256,294555,74,118675,112808,,8,e219f0acedc0e694fff5762242393fd2bf3a1bb62f65600ae81b01847daa6da4,False,"{""arithmetic"": ""split-radix16"", ""backend"": ""compact"", ""fractional_bits"": 30, ""generator"": ""sgen"", ""guard_bits"": 0, ""integer_bits"": 41, ""lanes"": 2, ""radix"": 2}"
